Well_ID,ASV,N_souce,miRNA,Replicate ,Dose(uM),Time,OD_600
B7,172,Mix_17aa,sc159,n1,2,0,0.152199998
B8,172,Mix_17aa,p159,n1,2,0,0.147
B9,172,Mix_17aa,sc827,n1,2,0,0.148499995
B10,172,Mix_17aa,p827,n1,2,0,0.146799996
B11,Control,Mix_17aa,Control,n1,Control,0,0.083400004
C7,172,Mix_17aa,p5642b,n1,2,0,0.1417
C8,172,Mix_17aa,sc5642b,n1,2,0,0.140400007
C9,172,Mix_17aa,sc158b,n1,2,0,0.141000003
C10,172,Mix_17aa,p158b,n1,2,0,0.138699993
D7,172,Mix_17aa,p158a,n1,2,0,0.147300005
D8,172,Mix_17aa,sc158a,n1,2,0,0.140000001
D9,172,Mix_17aa,p_mix,n1,10,0,0.137500003
D10,172,Mix_17aa,sc_mix,n1,10,0,0.140900001
D11,Control,Mix_17aa,Control,n5,Control,0,0.080499999
E7,4,Lysine,sc158a,n5,2,0,0.166899994
E8,4,Lysine,p158a,n5,2,0,0.159299999
E9,4,Lysine,p5642b,n5,2,0,0.148800001
E10,4,Lysine,sc5642b,n5,2,0,0.163900003
E11,Control,Lysine,Control,n5,Control,0,0.096199997
F7,4,Lysine,sc159,n5,2,0,0.144999996
F8,4,Lysine,p159,n5,2,0,0.147100002
F9,4,Lysine,p158b,n5,2,0,0.142700002
F10,4,Lysine,sc158b,n5,2,0,0.144099995
F11,Control,Lysine,Control,n5,Control,0,0.087200001
G7,4,Lysine,p827,n5,2,0,0.135100007
G8,4,Lysine,sc827,n5,2,0,0.176499993
G9,4,Lysine,sc_mix,n5,10,0,0.140000001
G10,4,Lysine,p_mix,n5,10,0,0.135499999
B7,172,Mix_17aa,sc159,n1,2,1,0.150399998
B8,172,Mix_17aa,p159,n1,2,1,0.141800001
B9,172,Mix_17aa,sc827,n1,2,1,0.147100002
B10,172,Mix_17aa,p827,n1,2,1,0.148699999
B11,Control,Mix_17aa,Control,n1,Control,1,0.077
C7,172,Mix_17aa,p5642b,n1,2,1,0.141499996
C8,172,Mix_17aa,sc5642b,n1,2,1,0.140799999
C9,172,Mix_17aa,sc158b,n1,2,1,0.142399997
C10,172,Mix_17aa,p158b,n1,2,1,0.140300006
D7,172,Mix_17aa,p158a,n1,2,1,0.153200001
D8,172,Mix_17aa,sc158a,n1,2,1,0.141399994
D9,172,Mix_17aa,p_mix,n1,10,1,0.149599999
D10,172,Mix_17aa,sc_mix,n1,10,1,0.144600004
D11,Control,Mix_17aa,Control,n5,Control,1,0.076099999
E7,4,Lysine,sc158a,n5,2,1,0.173500001
E8,4,Lysine,p158a,n5,2,1,0.169
E9,4,Lysine,p5642b,n5,2,1,0.153200001
E10,4,Lysine,sc5642b,n5,2,1,0.167899996
E11,Control,Lysine,Control,n5,Control,1,0.090800002
F7,4,Lysine,sc159,n5,2,1,0.158700004
F8,4,Lysine,p159,n5,2,1,0.151500002
F9,4,Lysine,p158b,n5,2,1,0.143600002
F10,4,Lysine,sc158b,n5,2,1,0.150600001
F11,Control,Lysine,Control,n5,Control,1,0.082599998
G7,4,Lysine,p827,n5,2,1,0.133000001
G8,4,Lysine,sc827,n5,2,1,0.169499993
G9,4,Lysine,sc_mix,n5,10,1,0.1514
G10,4,Lysine,p_mix,n5,10,1,0.1417
B7,172,Mix_17aa,sc159,n1,2,2,0.163599998
B8,172,Mix_17aa,p159,n1,2,2,0.163299993
B9,172,Mix_17aa,sc827,n1,2,2,0.157700002
B10,172,Mix_17aa,p827,n1,2,2,0.160699993
B11,Control,Mix_17aa,Control,n1,Control,2,0.0845
C7,172,Mix_17aa,p5642b,n1,2,2,0.154699996
C8,172,Mix_17aa,sc5642b,n1,2,2,0.154499993
C9,172,Mix_17aa,sc158b,n1,2,2,0.156800002
C10,172,Mix_17aa,p158b,n1,2,2,0.149499997
D7,172,Mix_17aa,p158a,n1,2,2,0.164100006
D8,172,Mix_17aa,sc158a,n1,2,2,0.154799998
D9,172,Mix_17aa,p_mix,n1,10,2,0.155399993
D10,172,Mix_17aa,sc_mix,n1,10,2,0.151800007
D11,Control,Mix_17aa,Control,n5,Control,2,0.075800002
E7,4,Lysine,sc158a,n5,2,2,0.165199995
E8,4,Lysine,p158a,n5,2,2,0.167300001
E9,4,Lysine,p5642b,n5,2,2,0.1558
E10,4,Lysine,sc5642b,n5,2,2,0.176200002
E11,Control,Lysine,Control,n5,Control,2,0.095899999
F7,4,Lysine,sc159,n5,2,2,0.152899995
F8,4,Lysine,p159,n5,2,2,0.150700003
F9,4,Lysine,p158b,n5,2,2,0.1514
F10,4,Lysine,sc158b,n5,2,2,0.149200007
F11,Control,Lysine,Control,n5,Control,2,0.090300001
G7,4,Lysine,p827,n5,2,2,0.138699993
G8,4,Lysine,sc827,n5,2,2,0.174199998
G9,4,Lysine,sc_mix,n5,10,2,0.142399997
G10,4,Lysine,p_mix,n5,10,2,0.138400003
B7,172,Mix_17aa,sc159,n1,2,3,0.289999992
B8,172,Mix_17aa,p159,n1,2,3,0.270000011
B9,172,Mix_17aa,sc827,n1,2,3,0.258899987
B10,172,Mix_17aa,p827,n1,2,3,0.243100002
B11,Control,Mix_17aa,Control,n1,Control,3,0.0748
C7,172,Mix_17aa,p5642b,n1,2,3,0.297399998
C8,172,Mix_17aa,sc5642b,n1,2,3,0.280299991
C9,172,Mix_17aa,sc158b,n1,2,3,0.278400004
C10,172,Mix_17aa,p158b,n1,2,3,0.234099999
D7,172,Mix_17aa,p158a,n1,2,3,0.3204
D8,172,Mix_17aa,sc158a,n1,2,3,0.262699991
D9,172,Mix_17aa,p_mix,n1,10,3,0.264200002
D10,172,Mix_17aa,sc_mix,n1,10,3,0.260500014
D11,Control,Mix_17aa,Control,n5,Control,3,0.064599998
E7,4,Lysine,sc158a,n5,2,3,0.165600002
E8,4,Lysine,p158a,n5,2,3,0.169
E9,4,Lysine,p5642b,n5,2,3,0.173500001
E10,4,Lysine,sc5642b,n5,2,3,0.174199998
E11,Control,Lysine,Control,n5,Control,3,0.095700003
F7,4,Lysine,sc159,n5,2,3,0.153899997
F8,4,Lysine,p159,n5,2,3,0.153999999
F9,4,Lysine,p158b,n5,2,3,0.146599993
F10,4,Lysine,sc158b,n5,2,3,0.148699999
F11,Control,Lysine,Control,n5,Control,3,0.084600002
G7,4,Lysine,p827,n5,2,3,0.136899993
G8,4,Lysine,sc827,n5,2,3,0.172700003
G9,4,Lysine,sc_mix,n5,10,3,0.146899998
G10,4,Lysine,p_mix,n5,10,3,0.141299993
B7,172,Mix_17aa,sc159,n1,2,4,0.421600014
B8,172,Mix_17aa,p159,n1,2,4,0.398000002
B9,172,Mix_17aa,sc827,n1,2,4,0.406399995
B10,172,Mix_17aa,p827,n1,2,4,0.3926
B11,Control,Mix_17aa,Control,n1,Control,4,0.078699999
C7,172,Mix_17aa,p5642b,n1,2,4,0.425500005
C8,172,Mix_17aa,sc5642b,n1,2,4,0.443899989
C9,172,Mix_17aa,sc158b,n1,2,4,0.410100013
C10,172,Mix_17aa,p158b,n1,2,4,0.379000008
D7,172,Mix_17aa,p158a,n1,2,4,0.42930001
D8,172,Mix_17aa,sc158a,n1,2,4,0.402099997
D9,172,Mix_17aa,p_mix,n1,10,4,0.416200012
D10,172,Mix_17aa,sc_mix,n1,10,4,0.411599994
D11,Control,Mix_17aa,Control,n5,Control,4,0.0757
E7,4,Lysine,sc158a,n5,2,4,0.175600007
E8,4,Lysine,p158a,n5,2,4,0.165399998
E9,4,Lysine,p5642b,n5,2,4,0.162300006
E10,4,Lysine,sc5642b,n5,2,4,0.175999999
E11,Control,Lysine,Control,n5,Control,4,0.093699999
F7,4,Lysine,sc159,n5,2,4,0.163299993
F8,4,Lysine,p159,n5,2,4,0.155699998
F9,4,Lysine,p158b,n5,2,4,0.153500006
F10,4,Lysine,sc158b,n5,2,4,0.155699998
F11,Control,Lysine,Control,n5,Control,4,0.085500002
G7,4,Lysine,p827,n5,2,4,0.148100004
G8,4,Lysine,sc827,n5,2,4,0.1875
G9,4,Lysine,sc_mix,n5,10,4,0.155599996
G10,4,Lysine,p_mix,n5,10,4,0.148100004
B7,172,Mix_17aa,sc159,n1,2,5,0.557200015
B8,172,Mix_17aa,p159,n1,2,5,0.546999991
B9,172,Mix_17aa,sc827,n1,2,5,0.557200015
B10,172,Mix_17aa,p827,n1,2,5,0.549799979
B11,Control,Mix_17aa,Control,n1,Control,5,0.084700003
C7,172,Mix_17aa,p5642b,n1,2,5,0.542400002
C8,172,Mix_17aa,sc5642b,n1,2,5,0.542400002
C9,172,Mix_17aa,sc158b,n1,2,5,0.551299989
C10,172,Mix_17aa,p158b,n1,2,5,0.479200006
D7,172,Mix_17aa,p158a,n1,2,5,0.560400009
D8,172,Mix_17aa,sc158a,n1,2,5,0.525300026
D9,172,Mix_17aa,p_mix,n1,10,5,0.545000017
D10,172,Mix_17aa,sc_mix,n1,10,5,0.522599995
D11,Control,Mix_17aa,Control,n5,Control,5,0.081900001
E7,4,Lysine,sc158a,n5,2,5,0.178000003
E8,4,Lysine,p158a,n5,2,5,0.173600003
E9,4,Lysine,p5642b,n5,2,5,0.179900005
E10,4,Lysine,sc5642b,n5,2,5,0.1884
E11,Control,Lysine,Control,n5,Control,5,0.102600001
F7,4,Lysine,sc159,n5,2,5,0.165600002
F8,4,Lysine,p159,n5,2,5,0.166099995
F9,4,Lysine,p158b,n5,2,5,0.163200006
F10,4,Lysine,sc158b,n5,2,5,0.163499996
F11,Control,Lysine,Control,n5,Control,5,0.092399999
G7,4,Lysine,p827,n5,2,5,0.150999993
G8,4,Lysine,sc827,n5,2,5,0.188700005
G9,4,Lysine,sc_mix,n5,10,5,0.156900004
G10,4,Lysine,p_mix,n5,10,5,0.153799996
B7,172,Mix_17aa,sc159,n1,2,6,0.648899972
B8,172,Mix_17aa,p159,n1,2,6,0.639500022
B9,172,Mix_17aa,sc827,n1,2,6,0.651000023
B10,172,Mix_17aa,p827,n1,2,6,0.652800024
B11,Control,Mix_17aa,Control,n1,Control,6,0.084200002
C7,172,Mix_17aa,p5642b,n1,2,6,0.625
C8,172,Mix_17aa,sc5642b,n1,2,6,0.604900002
C9,172,Mix_17aa,sc158b,n1,2,6,0.644800007
C10,172,Mix_17aa,p158b,n1,2,6,0.575299978
D7,172,Mix_17aa,p158a,n1,2,6,0.655099988
D8,172,Mix_17aa,sc158a,n1,2,6,0.62529999
D9,172,Mix_17aa,p_mix,n1,10,6,0.610000014
D10,172,Mix_17aa,sc_mix,n1,10,6,0.613099992
D11,Control,Mix_17aa,Control,n5,Control,6,0.082500003
E7,4,Lysine,sc158a,n5,2,6,0.178900003
E8,4,Lysine,p158a,n5,2,6,0.173899993
E9,4,Lysine,p5642b,n5,2,6,0.1787
E10,4,Lysine,sc5642b,n5,2,6,0.191499993
E11,Control,Lysine,Control,n5,Control,6,0.101899996
F7,4,Lysine,sc159,n5,2,6,0.166299999
F8,4,Lysine,p159,n5,2,6,0.166800007
F9,4,Lysine,p158b,n5,2,6,0.165199995
F10,4,Lysine,sc158b,n5,2,6,0.164900005
F11,Control,Lysine,Control,n5,Control,6,0.091600001
G7,4,Lysine,p827,n5,2,6,0.153300002
G8,4,Lysine,sc827,n5,2,6,0.187900007
G9,4,Lysine,sc_mix,n5,10,6,0.158700004
G10,4,Lysine,p_mix,n5,10,6,0.155699998
B7,172,Mix_17aa,sc159,n1,2,7,0.71390003
B8,172,Mix_17aa,p159,n1,2,7,0.718900025
B9,172,Mix_17aa,sc827,n1,2,7,0.73360002
B10,172,Mix_17aa,p827,n1,2,7,0.730499983
B11,Control,Mix_17aa,Control,n1,Control,7,0.084399998
C7,172,Mix_17aa,p5642b,n1,2,7,0.682399988
C8,172,Mix_17aa,sc5642b,n1,2,7,0.674300015
C9,172,Mix_17aa,sc158b,n1,2,7,0.741400003
C10,172,Mix_17aa,p158b,n1,2,7,0.648000002
D7,172,Mix_17aa,p158a,n1,2,7,0.730099976
D8,172,Mix_17aa,sc158a,n1,2,7,0.69630003
D9,172,Mix_17aa,p_mix,n1,10,7,0.677399993
D10,172,Mix_17aa,sc_mix,n1,10,7,0.689599991
D11,Control,Mix_17aa,Control,n5,Control,7,0.082199998
E7,4,Lysine,sc158a,n5,2,7,0.173099995
E8,4,Lysine,p158a,n5,2,7,0.172399998
E9,4,Lysine,p5642b,n5,2,7,0.176100001
E10,4,Lysine,sc5642b,n5,2,7,0.191100001
E11,Control,Lysine,Control,n5,Control,7,0.1008
F7,4,Lysine,sc159,n5,2,7,0.158500001
F8,4,Lysine,p159,n5,2,7,0.164399996
F9,4,Lysine,p158b,n5,2,7,0.163200006
F10,4,Lysine,sc158b,n5,2,7,0.164499998
F11,Control,Lysine,Control,n5,Control,7,0.091600001
G7,4,Lysine,p827,n5,2,7,0.148100004
G8,4,Lysine,sc827,n5,2,7,0.190500006
G9,4,Lysine,sc_mix,n5,10,7,0.153300002
G10,4,Lysine,p_mix,n5,10,7,0.154799998
B7,172,Mix_17aa,sc159,n1,2,8,0.749499977
B8,172,Mix_17aa,p159,n1,2,8,0.74849999
B9,172,Mix_17aa,sc827,n1,2,8,0.762300014
B10,172,Mix_17aa,p827,n1,2,8,0.75059998
B11,Control,Mix_17aa,Control,n1,Control,8,0.083899997
C7,172,Mix_17aa,p5642b,n1,2,8,0.755900025
C8,172,Mix_17aa,sc5642b,n1,2,8,0.791299999
C9,172,Mix_17aa,sc158b,n1,2,8,0.787599981
C10,172,Mix_17aa,p158b,n1,2,8,0.703800023
D7,172,Mix_17aa,p158a,n1,2,8,0.779100001
D8,172,Mix_17aa,sc158a,n1,2,8,0.754599988
D9,172,Mix_17aa,p_mix,n1,10,8,0.744199991
D10,172,Mix_17aa,sc_mix,n1,10,8,0.766099989
D11,Control,Mix_17aa,Control,n5,Control,8,0.082000002
E7,4,Lysine,sc158a,n5,2,8,0.173800007
E8,4,Lysine,p158a,n5,2,8,0.171599999
E9,4,Lysine,p5642b,n5,2,8,0.178000003
E10,4,Lysine,sc5642b,n5,2,8,0.191599995
E11,Control,Lysine,Control,n5,Control,8,0.099600002
F7,4,Lysine,sc159,n5,2,8,0.157700002
F8,4,Lysine,p159,n5,2,8,0.1655
F9,4,Lysine,p158b,n5,2,8,0.164399996
F10,4,Lysine,sc158b,n5,2,8,0.165299997
F11,Control,Lysine,Control,n5,Control,8,0.090599999
G7,4,Lysine,p827,n5,2,8,0.150299996
G8,4,Lysine,sc827,n5,2,8,0.191200003
G9,4,Lysine,sc_mix,n5,10,8,0.153600007
G10,4,Lysine,p_mix,n5,10,8,0.157199994
B7,172,Mix_17aa,sc159,n1,2,9,0.828000009
B8,172,Mix_17aa,p159,n1,2,9,0.816699982
B9,172,Mix_17aa,sc827,n1,2,9,0.801100016
B10,172,Mix_17aa,p827,n1,2,9,0.810899973
B11,Control,Mix_17aa,Control,n1,Control,9,0.0845
C7,172,Mix_17aa,p5642b,n1,2,9,0.7755
C8,172,Mix_17aa,sc5642b,n1,2,9,0.786599994
C9,172,Mix_17aa,sc158b,n1,2,9,0.813600004
C10,172,Mix_17aa,p158b,n1,2,9,0.769699991
D7,172,Mix_17aa,p158a,n1,2,9,0.823800027
D8,172,Mix_17aa,sc158a,n1,2,9,0.796400011
D9,172,Mix_17aa,p_mix,n1,10,9,0.785099983
D10,172,Mix_17aa,sc_mix,n1,10,9,0.787800014
D11,Control,Mix_17aa,Control,n5,Control,9,0.082500003
E7,4,Lysine,sc158a,n5,2,9,0.175600007
E8,4,Lysine,p158a,n5,2,9,0.171800002
E9,4,Lysine,p5642b,n5,2,9,0.178800002
E10,4,Lysine,sc5642b,n5,2,9,0.1928
E11,Control,Lysine,Control,n5,Control,9,0.100699998
F7,4,Lysine,sc159,n5,2,9,0.161699995
F8,4,Lysine,p159,n5,2,9,0.165900007
F9,4,Lysine,p158b,n5,2,9,0.162499994
F10,4,Lysine,sc158b,n5,2,9,0.172600001
F11,Control,Lysine,Control,n5,Control,9,0.090599999
G7,4,Lysine,p827,n5,2,9,0.151099995
G8,4,Lysine,sc827,n5,2,9,0.189099997
G9,4,Lysine,sc_mix,n5,10,9,0.153400004
G10,4,Lysine,p_mix,n5,10,9,0.157399997
B7,172,Mix_17aa,sc159,n1,2,10,0.87650001
B8,172,Mix_17aa,p159,n1,2,10,0.859399974
B9,172,Mix_17aa,sc827,n1,2,10,0.909399986
B10,172,Mix_17aa,p827,n1,2,10,0.865100026
B11,Control,Mix_17aa,Control,n1,Control,10,0.084299996
C7,172,Mix_17aa,p5642b,n1,2,10,0.840399981
C8,172,Mix_17aa,sc5642b,n1,2,10,0.878000021
C9,172,Mix_17aa,sc158b,n1,2,10,0.861199975
C10,172,Mix_17aa,p158b,n1,2,10,0.794700027
D7,172,Mix_17aa,p158a,n1,2,10,0.870800018
D8,172,Mix_17aa,sc158a,n1,2,10,0.846899986
D9,172,Mix_17aa,p_mix,n1,10,10,0.860300004
D10,172,Mix_17aa,sc_mix,n1,10,10,0.861199975
D11,Control,Mix_17aa,Control,n5,Control,10,0.082400002
E7,4,Lysine,sc158a,n5,2,10,0.179800004
E8,4,Lysine,p158a,n5,2,10,0.173299998
E9,4,Lysine,p5642b,n5,2,10,0.181400001
E10,4,Lysine,sc5642b,n5,2,10,0.193900004
E11,Control,Lysine,Control,n5,Control,10,0.101199999
F7,4,Lysine,sc159,n5,2,10,0.166500002
F8,4,Lysine,p159,n5,2,10,0.167699993
F9,4,Lysine,p158b,n5,2,10,0.163699999
F10,4,Lysine,sc158b,n5,2,10,0.180299997
F11,Control,Lysine,Control,n5,Control,10,0.090999998
G7,4,Lysine,p827,n5,2,10,0.155300006
G8,4,Lysine,sc827,n5,2,10,0.193000004
G9,4,Lysine,sc_mix,n5,10,10,0.155699998
G10,4,Lysine,p_mix,n5,10,10,0.157900006
B7,172,Mix_17aa,sc159,n1,2,11,0.933300018
B8,172,Mix_17aa,p159,n1,2,11,0.931200027
B9,172,Mix_17aa,sc827,n1,2,11,0.936200023
B10,172,Mix_17aa,p827,n1,2,11,0.925599992
B11,Control,Mix_17aa,Control,n1,Control,11,0.084600002
C7,172,Mix_17aa,p5642b,n1,2,11,0.916899979
C8,172,Mix_17aa,sc5642b,n1,2,11,0.913900018
C9,172,Mix_17aa,sc158b,n1,2,11,0.93870002
C10,172,Mix_17aa,p158b,n1,2,11,0.858799994
D7,172,Mix_17aa,p158a,n1,2,11,0.925400019
D8,172,Mix_17aa,sc158a,n1,2,11,0.898100019
D9,172,Mix_17aa,p_mix,n1,10,11,0.912299991
D10,172,Mix_17aa,sc_mix,n1,10,11,0.92930001
D11,Control,Mix_17aa,Control,n5,Control,11,0.0823
E7,4,Lysine,sc158a,n5,2,11,0.184499994
E8,4,Lysine,p158a,n5,2,11,0.173899993
E9,4,Lysine,p5642b,n5,2,11,0.181999996
E10,4,Lysine,sc5642b,n5,2,11,0.195600003
E11,Control,Lysine,Control,n5,Control,11,0.101499997
F7,4,Lysine,sc159,n5,2,11,0.165299997
F8,4,Lysine,p159,n5,2,11,0.168099999
F9,4,Lysine,p158b,n5,2,11,0.164499998
F10,4,Lysine,sc158b,n5,2,11,0.181799993
F11,Control,Lysine,Control,n5,Control,11,0.090800002
G7,4,Lysine,p827,n5,2,11,0.153400004
G8,4,Lysine,sc827,n5,2,11,0.193200007
G9,4,Lysine,sc_mix,n5,10,11,0.154400006
G10,4,Lysine,p_mix,n5,10,11,0.160500005
B7,172,Mix_17aa,sc159,n1,2,12,1.021499991
B8,172,Mix_17aa,p159,n1,2,12,0.999300003
B9,172,Mix_17aa,sc827,n1,2,12,1.002500057
B10,172,Mix_17aa,p827,n1,2,12,0.988900006
B11,Control,Mix_17aa,Control,n1,Control,12,0.084899999
C7,172,Mix_17aa,p5642b,n1,2,12,0.957300007
C8,172,Mix_17aa,sc5642b,n1,2,12,0.952799976
C9,172,Mix_17aa,sc158b,n1,2,12,0.995000005
C10,172,Mix_17aa,p158b,n1,2,12,0.912199974
D7,172,Mix_17aa,p158a,n1,2,12,0.992900014
D8,172,Mix_17aa,sc158a,n1,2,12,0.964600027
D9,172,Mix_17aa,p_mix,n1,10,12,0.979499996
D10,172,Mix_17aa,sc_mix,n1,10,12,1.005300045
D11,Control,Mix_17aa,Control,n5,Control,12,0.082699999
E7,4,Lysine,sc158a,n5,2,12,0.189099997
E8,4,Lysine,p158a,n5,2,12,0.176100001
E9,4,Lysine,p5642b,n5,2,12,0.185699999
E10,4,Lysine,sc5642b,n5,2,12,0.198799998
E11,Control,Lysine,Control,n5,Control,12,0.100100003
F7,4,Lysine,sc159,n5,2,12,0.167099997
F8,4,Lysine,p159,n5,2,12,0.170200005
F9,4,Lysine,p158b,n5,2,12,0.166999996
F10,4,Lysine,sc158b,n5,2,12,0.182999998
F11,Control,Lysine,Control,n5,Control,12,0.090000004
G7,4,Lysine,p827,n5,2,12,0.153799996
G8,4,Lysine,sc827,n5,2,12,0.196999997
G9,4,Lysine,sc_mix,n5,10,12,0.156299993
G10,4,Lysine,p_mix,n5,10,12,0.162100002
B7,172,Mix_17aa,sc159,n1,2,13,1.059000015
B8,172,Mix_17aa,p159,n1,2,13,1.050899982
B9,172,Mix_17aa,sc827,n1,2,13,1.075399995
B10,172,Mix_17aa,p827,n1,2,13,1.038200021
B11,Control,Mix_17aa,Control,n1,Control,13,0.084600002
C7,172,Mix_17aa,p5642b,n1,2,13,1.003900051
C8,172,Mix_17aa,sc5642b,n1,2,13,1.023800015
C9,172,Mix_17aa,sc158b,n1,2,13,1.046300054
C10,172,Mix_17aa,p158b,n1,2,13,0.971000016
D7,172,Mix_17aa,p158a,n1,2,13,1.019000053
D8,172,Mix_17aa,sc158a,n1,2,13,1.009799957
D9,172,Mix_17aa,p_mix,n1,10,13,1.032400012
D10,172,Mix_17aa,sc_mix,n1,10,13,1.059499979
D11,Control,Mix_17aa,Control,n5,Control,13,0.082400002
E7,4,Lysine,sc158a,n5,2,13,0.193000004
E8,4,Lysine,p158a,n5,2,13,0.178000003
E9,4,Lysine,p5642b,n5,2,13,0.190300003
E10,4,Lysine,sc5642b,n5,2,13,0.2007
E11,Control,Lysine,Control,n5,Control,13,0.101000004
F7,4,Lysine,sc159,n5,2,13,0.172000006
F8,4,Lysine,p159,n5,2,13,0.172000006
F9,4,Lysine,p158b,n5,2,13,0.168699995
F10,4,Lysine,sc158b,n5,2,13,0.185100004
F11,Control,Lysine,Control,n5,Control,13,0.090499997
G7,4,Lysine,p827,n5,2,13,0.160099998
G8,4,Lysine,sc827,n5,2,13,0.203099996
G9,4,Lysine,sc_mix,n5,10,13,0.158299997
G10,4,Lysine,p_mix,n5,10,13,0.163299993
B7,172,Mix_17aa,sc159,n1,2,14,1.153599977
B8,172,Mix_17aa,p159,n1,2,14,1.099099994
B9,172,Mix_17aa,sc827,n1,2,14,1.139099956
B10,172,Mix_17aa,p827,n1,2,14,1.091899991
B11,Control,Mix_17aa,Control,n1,Control,14,0.084899999
C7,172,Mix_17aa,p5642b,n1,2,14,1.077999949
C8,172,Mix_17aa,sc5642b,n1,2,14,1.05250001
C9,172,Mix_17aa,sc158b,n1,2,14,1.109799981
C10,172,Mix_17aa,p158b,n1,2,14,1.046000004
D7,172,Mix_17aa,p158a,n1,2,14,1.06309998
D8,172,Mix_17aa,sc158a,n1,2,14,1.033499956
D9,172,Mix_17aa,p_mix,n1,10,14,1.08739996
D10,172,Mix_17aa,sc_mix,n1,10,14,1.095100045
D11,Control,Mix_17aa,Control,n5,Control,14,0.082800001
E7,4,Lysine,sc158a,n5,2,14,0.191
E8,4,Lysine,p158a,n5,2,14,0.181400001
E9,4,Lysine,p5642b,n5,2,14,0.190200001
E10,4,Lysine,sc5642b,n5,2,14,0.202900007
E11,Control,Lysine,Control,n5,Control,14,0.101499997
F7,4,Lysine,sc159,n5,2,14,0.169599995
F8,4,Lysine,p159,n5,2,14,0.176100001
F9,4,Lysine,p158b,n5,2,14,0.170499995
F10,4,Lysine,sc158b,n5,2,14,0.182300001
F11,Control,Lysine,Control,n5,Control,14,0.090700001
G7,4,Lysine,p827,n5,2,14,0.157000005
G8,4,Lysine,sc827,n5,2,14,0.201000005
G9,4,Lysine,sc_mix,n5,10,14,0.161300004
G10,4,Lysine,p_mix,n5,10,14,0.164700001
B7,172,Mix_17aa,sc159,n1,2,15,1.212800026
B8,172,Mix_17aa,p159,n1,2,15,1.154800057
B9,172,Mix_17aa,sc827,n1,2,15,1.198099971
B10,172,Mix_17aa,p827,n1,2,15,1.164100051
B11,Control,Mix_17aa,Control,n1,Control,15,0.084700003
C7,172,Mix_17aa,p5642b,n1,2,15,1.134199977
C8,172,Mix_17aa,sc5642b,n1,2,15,1.09860003
C9,172,Mix_17aa,sc158b,n1,2,15,1.173200011
C10,172,Mix_17aa,p158b,n1,2,15,1.101699948
D7,172,Mix_17aa,p158a,n1,2,15,1.123000026
D8,172,Mix_17aa,sc158a,n1,2,15,1.122599959
D9,172,Mix_17aa,p_mix,n1,10,15,1.168499947
D10,172,Mix_17aa,sc_mix,n1,10,15,1.139799953
D11,Control,Mix_17aa,Control,n5,Control,15,0.082800001
E7,4,Lysine,sc158a,n5,2,15,0.197500005
E8,4,Lysine,p158a,n5,2,15,0.184900001
E9,4,Lysine,p5642b,n5,2,15,0.195899993
E10,4,Lysine,sc5642b,n5,2,15,0.206900001
E11,Control,Lysine,Control,n5,Control,15,0.102499999
F7,4,Lysine,sc159,n5,2,15,0.180500001
F8,4,Lysine,p159,n5,2,15,0.183500007
F9,4,Lysine,p158b,n5,2,15,0.173999995
F10,4,Lysine,sc158b,n5,2,15,0.184400007
F11,Control,Lysine,Control,n5,Control,15,0.091600001
G7,4,Lysine,p827,n5,2,15,0.164800003
G8,4,Lysine,sc827,n5,2,15,0.205400005
G9,4,Lysine,sc_mix,n5,10,15,0.166600004
G10,4,Lysine,p_mix,n5,10,15,0.166199997
B7,172,Mix_17aa,sc159,n1,2,16,1.304399967
B8,172,Mix_17aa,p159,n1,2,16,1.238399982
B9,172,Mix_17aa,sc827,n1,2,16,1.279600024
B10,172,Mix_17aa,p827,n1,2,16,1.243800044
B11,Control,Mix_17aa,Control,n1,Control,16,0.085100003
C7,172,Mix_17aa,p5642b,n1,2,16,1.199499965
C8,172,Mix_17aa,sc5642b,n1,2,16,1.107599974
C9,172,Mix_17aa,sc158b,n1,2,16,1.234799981
C10,172,Mix_17aa,p158b,n1,2,16,1.132099986
D7,172,Mix_17aa,p158a,n1,2,16,1.193199992
D8,172,Mix_17aa,sc158a,n1,2,16,1.139400005
D9,172,Mix_17aa,p_mix,n1,10,16,1.237300038
D10,172,Mix_17aa,sc_mix,n1,10,16,1.201099992
D11,Control,Mix_17aa,Control,n5,Control,16,0.082699999
E7,4,Lysine,sc158a,n5,2,16,0.191100001
E8,4,Lysine,p158a,n5,2,16,0.184900001
E9,4,Lysine,p5642b,n5,2,16,0.193499997
E10,4,Lysine,sc5642b,n5,2,16,0.206699997
E11,Control,Lysine,Control,n5,Control,16,0.099399999
F7,4,Lysine,sc159,n5,2,16,0.167300001
F8,4,Lysine,p159,n5,2,16,0.179199994
F9,4,Lysine,p158b,n5,2,16,0.174400002
F10,4,Lysine,sc158b,n5,2,16,0.180700004
F11,Control,Lysine,Control,n5,Control,16,0.090400003
G7,4,Lysine,p827,n5,2,16,0.164199993
G8,4,Lysine,sc827,n5,2,16,0.204600006
G9,4,Lysine,sc_mix,n5,10,16,0.164299995
G10,4,Lysine,p_mix,n5,10,16,0.167699993
B7,172,Mix_17aa,sc159,n1,2,17,1.399999976
B8,172,Mix_17aa,p159,n1,2,17,1.269500017
B9,172,Mix_17aa,sc827,n1,2,17,1.354699969
B10,172,Mix_17aa,p827,n1,2,17,1.302600026
B11,Control,Mix_17aa,Control,n1,Control,17,0.084899999
C7,172,Mix_17aa,p5642b,n1,2,17,1.250800014
C8,172,Mix_17aa,sc5642b,n1,2,17,1.181699991
C9,172,Mix_17aa,sc158b,n1,2,17,1.306800008
C10,172,Mix_17aa,p158b,n1,2,17,1.176100016
D7,172,Mix_17aa,p158a,n1,2,17,1.273499966
D8,172,Mix_17aa,sc158a,n1,2,17,1.216899991
D9,172,Mix_17aa,p_mix,n1,10,17,1.279199958
D10,172,Mix_17aa,sc_mix,n1,10,17,1.213000059
D11,Control,Mix_17aa,Control,n5,Control,17,0.082699999
E7,4,Lysine,sc158a,n5,2,17,0.196700007
E8,4,Lysine,p158a,n5,2,17,0.187800005
E9,4,Lysine,p5642b,n5,2,17,0.198100001
E10,4,Lysine,sc5642b,n5,2,17,0.2095
E11,Control,Lysine,Control,n5,Control,17,0.0986
F7,4,Lysine,sc159,n5,2,17,0.173700005
F8,4,Lysine,p159,n5,2,17,0.182699993
F9,4,Lysine,p158b,n5,2,17,0.175999999
F10,4,Lysine,sc158b,n5,2,17,0.192300007
F11,Control,Lysine,Control,n5,Control,17,0.090599999
G7,4,Lysine,p827,n5,2,17,0.161200002
G8,4,Lysine,sc827,n5,2,17,0.207900003
G9,4,Lysine,sc_mix,n5,10,17,0.168300003
G10,4,Lysine,p_mix,n5,10,17,0.172000006
B7,172,Mix_17aa,sc159,n1,2,18,1.454900026
B8,172,Mix_17aa,p159,n1,2,18,1.296000004
B9,172,Mix_17aa,sc827,n1,2,18,1.413599968
B10,172,Mix_17aa,p827,n1,2,18,1.370800018
B11,Control,Mix_17aa,Control,n1,Control,18,0.085100003
C7,172,Mix_17aa,p5642b,n1,2,18,1.316300035
C8,172,Mix_17aa,sc5642b,n1,2,18,1.233899951
C9,172,Mix_17aa,sc158b,n1,2,18,1.373000026
C10,172,Mix_17aa,p158b,n1,2,18,1.254099965
D7,172,Mix_17aa,p158a,n1,2,18,1.332499981
D8,172,Mix_17aa,sc158a,n1,2,18,1.213099957
D9,172,Mix_17aa,p_mix,n1,10,18,1.341500044
D10,172,Mix_17aa,sc_mix,n1,10,18,1.286999941
D11,Control,Mix_17aa,Control,n5,Control,18,0.082999997
E7,4,Lysine,sc158a,n5,2,18,0.197600007
E8,4,Lysine,p158a,n5,2,18,0.194800004
E9,4,Lysine,p5642b,n5,2,18,0.199499995
E10,4,Lysine,sc5642b,n5,2,18,0.215499997
E11,Control,Lysine,Control,n5,Control,18,0.1008
F7,4,Lysine,sc159,n5,2,18,0.1822
F8,4,Lysine,p159,n5,2,18,0.189999998
F9,4,Lysine,p158b,n5,2,18,0.180399999
F10,4,Lysine,sc158b,n5,2,18,0.186299995
F11,Control,Lysine,Control,n5,Control,18,0.092500001
G7,4,Lysine,p827,n5,2,18,0.166299999
G8,4,Lysine,sc827,n5,2,18,0.214000002
G9,4,Lysine,sc_mix,n5,10,18,0.171399996
G10,4,Lysine,p_mix,n5,10,18,0.171399996
B7,172,Mix_17aa,sc159,n1,2,19,1.515799999
B8,172,Mix_17aa,p159,n1,2,19,1.367200017
B9,172,Mix_17aa,sc827,n1,2,19,1.473099947
B10,172,Mix_17aa,p827,n1,2,19,1.433599949
B11,Control,Mix_17aa,Control,n1,Control,19,0.084899999
C7,172,Mix_17aa,p5642b,n1,2,19,1.368899941
C8,172,Mix_17aa,sc5642b,n1,2,19,1.270599961
C9,172,Mix_17aa,sc158b,n1,2,19,1.435700059
C10,172,Mix_17aa,p158b,n1,2,19,1.304700017
D7,172,Mix_17aa,p158a,n1,2,19,1.398599982
D8,172,Mix_17aa,sc158a,n1,2,19,1.254899979
D9,172,Mix_17aa,p_mix,n1,10,19,1.378299952
D10,172,Mix_17aa,sc_mix,n1,10,19,1.36500001
D11,Control,Mix_17aa,Control,n5,Control,19,0.082699999
E7,4,Lysine,sc158a,n5,2,19,0.201000005
E8,4,Lysine,p158a,n5,2,19,0.198100001
E9,4,Lysine,p5642b,n5,2,19,0.201800004
E10,4,Lysine,sc5642b,n5,2,19,0.216299996
E11,Control,Lysine,Control,n5,Control,19,0.100199997
F7,4,Lysine,sc159,n5,2,19,0.182500005
F8,4,Lysine,p159,n5,2,19,0.191599995
F9,4,Lysine,p158b,n5,2,19,0.181999996
F10,4,Lysine,sc158b,n5,2,19,0.1954
F11,Control,Lysine,Control,n5,Control,19,0.092299998
G7,4,Lysine,p827,n5,2,19,0.169100001
G8,4,Lysine,sc827,n5,2,19,0.217899993
G9,4,Lysine,sc_mix,n5,10,19,0.1734
G10,4,Lysine,p_mix,n5,10,19,0.178599998
B7,172,Mix_17aa,sc159,n1,2,20,1.5704
B8,172,Mix_17aa,p159,n1,2,20,1.391199946
B9,172,Mix_17aa,sc827,n1,2,20,1.520200014
B10,172,Mix_17aa,p827,n1,2,20,1.49940002
B11,Control,Mix_17aa,Control,n1,Control,20,0.085199997
C7,172,Mix_17aa,p5642b,n1,2,20,1.411200047
C8,172,Mix_17aa,sc5642b,n1,2,20,1.331599951
C9,172,Mix_17aa,sc158b,n1,2,20,1.491400003
C10,172,Mix_17aa,p158b,n1,2,20,1.361299992
D7,172,Mix_17aa,p158a,n1,2,20,1.446200013
D8,172,Mix_17aa,sc158a,n1,2,20,1.334499955
D9,172,Mix_17aa,p_mix,n1,10,20,1.404099941
D10,172,Mix_17aa,sc_mix,n1,10,20,1.380800009
D11,Control,Mix_17aa,Control,n5,Control,20,0.082900003
E7,4,Lysine,sc158a,n5,2,20,0.204500005
E8,4,Lysine,p158a,n5,2,20,0.199100003
E9,4,Lysine,p5642b,n5,2,20,0.206200004
E10,4,Lysine,sc5642b,n5,2,20,0.228400007
E11,Control,Lysine,Control,n5,Control,20,0.099600002
F7,4,Lysine,sc159,n5,2,20,0.183699995
F8,4,Lysine,p159,n5,2,20,0.189999998
F9,4,Lysine,p158b,n5,2,20,0.185100004
F10,4,Lysine,sc158b,n5,2,20,0.190899998
F11,Control,Lysine,Control,n5,Control,20,0.092200004
G7,4,Lysine,p827,n5,2,20,0.1708
G8,4,Lysine,sc827,n5,2,20,0.221499994
G9,4,Lysine,sc_mix,n5,10,20,0.176899999
G10,4,Lysine,p_mix,n5,10,20,0.1734
B7,172,Mix_17aa,sc159,n1,2,21,1.57949996
B8,172,Mix_17aa,p159,n1,2,21,1.467599988
B9,172,Mix_17aa,sc827,n1,2,21,1.610299945
B10,172,Mix_17aa,p827,n1,2,21,1.572299957
B11,Control,Mix_17aa,Control,n1,Control,21,0.077600002
C7,172,Mix_17aa,p5642b,n1,2,21,1.542099953
C8,172,Mix_17aa,sc5642b,n1,2,21,1.458400011
C9,172,Mix_17aa,sc158b,n1,2,21,1.51820004
C10,172,Mix_17aa,p158b,n1,2,21,1.404999971
D7,172,Mix_17aa,p158a,n1,2,21,1.463799953
D8,172,Mix_17aa,sc158a,n1,2,21,1.376399994
D9,172,Mix_17aa,p_mix,n1,10,21,1.445199966
D10,172,Mix_17aa,sc_mix,n1,10,21,1.488999963
D11,Control,Mix_17aa,Control,n5,Control,21,0.068499997
E7,4,Lysine,sc158a,n5,2,21,0.200800002
E8,4,Lysine,p158a,n5,2,21,0.202000007
E9,4,Lysine,p5642b,n5,2,21,0.207800001
E10,4,Lysine,sc5642b,n5,2,21,0.226199999
E11,Control,Lysine,Control,n5,Control,21,0.089500003
F7,4,Lysine,sc159,n5,2,21,0.180199996
F8,4,Lysine,p159,n5,2,21,0.190099999
F9,4,Lysine,p158b,n5,2,21,0.1787
F10,4,Lysine,sc158b,n5,2,21,0.191799998
F11,Control,Lysine,Control,n5,Control,21,0.082699999
G7,4,Lysine,p827,n5,2,21,0.1734
G8,4,Lysine,sc827,n5,2,21,0.217800006
G9,4,Lysine,sc_mix,n5,10,21,0.1778
G10,4,Lysine,p_mix,n5,10,21,0.166299999
B7,172,Mix_17aa,sc159,n1,2,22,1.68599999
B8,172,Mix_17aa,p159,n1,2,22,1.487699986
B9,172,Mix_17aa,sc827,n1,2,22,1.745499969
B10,172,Mix_17aa,p827,n1,2,22,1.753200054
B11,Control,Mix_17aa,Control,n1,Control,22,0.077799998
C7,172,Mix_17aa,p5642b,n1,2,22,1.685700059
C8,172,Mix_17aa,sc5642b,n1,2,22,1.438899994
C9,172,Mix_17aa,sc158b,n1,2,22,1.657500029
C10,172,Mix_17aa,p158b,n1,2,22,1.460100055
D7,172,Mix_17aa,p158a,n1,2,22,1.606600046
D8,172,Mix_17aa,sc158a,n1,2,22,1.433200002
D9,172,Mix_17aa,p_mix,n1,10,22,1.542600036
D10,172,Mix_17aa,sc_mix,n1,10,22,1.453400016
D11,Control,Mix_17aa,Control,n5,Control,22,0.076700002
E7,4,Lysine,sc158a,n5,2,22,0.207200006
E8,4,Lysine,p158a,n5,2,22,0.195899993
E9,4,Lysine,p5642b,n5,2,22,0.2148
E10,4,Lysine,sc5642b,n5,2,22,0.224900007
E11,Control,Lysine,Control,n5,Control,22,0.091300003
F7,4,Lysine,sc159,n5,2,22,0.187099993
F8,4,Lysine,p159,n5,2,22,0.193900004
F9,4,Lysine,p158b,n5,2,22,0.185299993
F10,4,Lysine,sc158b,n5,2,22,0.198300004
F11,Control,Lysine,Control,n5,Control,22,0.082900003
G7,4,Lysine,p827,n5,2,22,0.179199994
G8,4,Lysine,sc827,n5,2,22,0.234200001
G9,4,Lysine,sc_mix,n5,10,22,0.178200006
G10,4,Lysine,p_mix,n5,10,22,0.176400006
B7,172,Mix_17aa,sc159,n1,2,23,1.799700022
B8,172,Mix_17aa,p159,n1,2,23,1.588500023
B9,172,Mix_17aa,sc827,n1,2,23,1.841699958
B10,172,Mix_17aa,p827,n1,2,23,1.829300046
B11,Control,Mix_17aa,Control,n1,Control,23,0.079300001
C7,172,Mix_17aa,p5642b,n1,2,23,1.771999955
C8,172,Mix_17aa,sc5642b,n1,2,23,1.521299958
C9,172,Mix_17aa,sc158b,n1,2,23,1.777999997
C10,172,Mix_17aa,p158b,n1,2,23,1.58949995
D7,172,Mix_17aa,p158a,n1,2,23,1.717700005
D8,172,Mix_17aa,sc158a,n1,2,23,1.45720005
D9,172,Mix_17aa,p_mix,n1,10,23,1.604200006
D10,172,Mix_17aa,sc_mix,n1,10,23,1.575799942
D11,Control,Mix_17aa,Control,n5,Control,23,0.078000002
E7,4,Lysine,sc158a,n5,2,23,0.212500006
E8,4,Lysine,p158a,n5,2,23,0.206300005
E9,4,Lysine,p5642b,n5,2,23,0.209000006
E10,4,Lysine,sc5642b,n5,2,23,0.230900005
E11,Control,Lysine,Control,n5,Control,23,0.092299998
F7,4,Lysine,sc159,n5,2,23,0.196999997
F8,4,Lysine,p159,n5,2,23,0.192100003
F9,4,Lysine,p158b,n5,2,23,0.191
F10,4,Lysine,sc158b,n5,2,23,0.201399997
F11,Control,Lysine,Control,n5,Control,23,0.083300002
G7,4,Lysine,p827,n5,2,23,0.177900001
G8,4,Lysine,sc827,n5,2,23,0.226999998
G9,4,Lysine,sc_mix,n5,10,23,0.188899994
G10,4,Lysine,p_mix,n5,10,23,0.1752
B7,172,Mix_17aa,sc159,n1,2,25,1.878299952
B8,172,Mix_17aa,p159,n1,2,25,1.638299942
B9,172,Mix_17aa,sc827,n1,2,25,1.888100028
B10,172,Mix_17aa,p827,n1,2,25,1.877200007
B11,Control,Mix_17aa,Control,n1,Control,25,0.075599998
C7,172,Mix_17aa,p5642b,n1,2,25,1.828299999
C8,172,Mix_17aa,sc5642b,n1,2,25,1.661200047
C9,172,Mix_17aa,sc158b,n1,2,25,1.845800042
C10,172,Mix_17aa,p158b,n1,2,25,1.773000002
D7,172,Mix_17aa,p158a,n1,2,25,1.800799966
D8,172,Mix_17aa,sc158a,n1,2,25,1.631899953
D9,172,Mix_17aa,p_mix,n1,10,25,1.67990005
D10,172,Mix_17aa,sc_mix,n1,10,25,1.60800004
D11,Control,Mix_17aa,Control,n5,Control,25,0.079800002
E7,4,Lysine,sc158a,n5,2,25,0.221300006
E8,4,Lysine,p158a,n5,2,25,0.219899997
E9,4,Lysine,p5642b,n5,2,25,0.213599995
E10,4,Lysine,sc5642b,n5,2,25,0.242500007
E11,Control,Lysine,Control,n5,Control,25,0.097000003
F7,4,Lysine,sc159,n5,2,25,0.192399994
F8,4,Lysine,p159,n5,2,25,0.213
F9,4,Lysine,p158b,n5,2,25,0.198400006
F10,4,Lysine,sc158b,n5,2,25,0.2148
F11,Control,Lysine,Control,n5,Control,25,0.082699999
G7,4,Lysine,p827,n5,2,25,0.197799996
G8,4,Lysine,sc827,n5,2,25,0.234200001
G9,4,Lysine,sc_mix,n5,10,25,0.182400003
G10,4,Lysine,p_mix,n5,10,25,0.185800001
B7,172,Mix_17aa,sc159,n1,2,26,1.889500022
B8,172,Mix_17aa,p159,n1,2,26,1.627099991
B9,172,Mix_17aa,sc827,n1,2,26,1.898800015
B10,172,Mix_17aa,p827,n1,2,26,1.902899981
B11,Control,Mix_17aa,Control,n1,Control,26,0.079999998
C7,172,Mix_17aa,p5642b,n1,2,26,1.846600056
C8,172,Mix_17aa,sc5642b,n1,2,26,1.550600052
C9,172,Mix_17aa,sc158b,n1,2,26,1.872699976
C10,172,Mix_17aa,p158b,n1,2,26,1.804299951
D7,172,Mix_17aa,p158a,n1,2,26,1.813799977
D8,172,Mix_17aa,sc158a,n1,2,26,1.622699976
D9,172,Mix_17aa,p_mix,n1,10,26,1.692100048
D10,172,Mix_17aa,sc_mix,n1,10,26,1.636700034
D11,Control,Mix_17aa,Control,n5,Control,26,0.080300003
E7,4,Lysine,sc158a,n5,2,26,0.232500002
E8,4,Lysine,p158a,n5,2,26,0.216700003
E9,4,Lysine,p5642b,n5,2,26,0.218899995
E10,4,Lysine,sc5642b,n5,2,26,0.256000012
E11,Control,Lysine,Control,n5,Control,26,0.095700003
F7,4,Lysine,sc159,n5,2,26,0.198200002
F8,4,Lysine,p159,n5,2,26,0.214699998
F9,4,Lysine,p158b,n5,2,26,0.197600007
F10,4,Lysine,sc158b,n5,2,26,0.224099994
F11,Control,Lysine,Control,n5,Control,26,0.084299996
G7,4,Lysine,p827,n5,2,26,0.196899995
G8,4,Lysine,sc827,n5,2,26,0.251700014
G9,4,Lysine,sc_mix,n5,10,26,0.199200004
G10,4,Lysine,p_mix,n5,10,26,0.187600002
B7,172,Mix_17aa,sc159,n1,2,27,1.921399951
B8,172,Mix_17aa,p159,n1,2,27,1.691599965
B9,172,Mix_17aa,sc827,n1,2,27,1.908800006
B10,172,Mix_17aa,p827,n1,2,27,1.922899961
B11,Control,Mix_17aa,Control,n1,Control,27,0.080600001
C7,172,Mix_17aa,p5642b,n1,2,27,1.877300024
C8,172,Mix_17aa,sc5642b,n1,2,27,1.594400048
C9,172,Mix_17aa,sc158b,n1,2,27,1.888299942
C10,172,Mix_17aa,p158b,n1,2,27,1.844400048
D7,172,Mix_17aa,p158a,n1,2,27,1.84679997
D8,172,Mix_17aa,sc158a,n1,2,27,1.654600024
D9,172,Mix_17aa,p_mix,n1,10,27,1.716799974
D10,172,Mix_17aa,sc_mix,n1,10,27,1.649799943
D11,Control,Mix_17aa,Control,n5,Control,27,0.080300003
E7,4,Lysine,sc158a,n5,2,27,0.242200002
E8,4,Lysine,p158a,n5,2,27,0.233600006
E9,4,Lysine,p5642b,n5,2,27,0.236300007
E10,4,Lysine,sc5642b,n5,2,27,0.248999998
E11,Control,Lysine,Control,n5,Control,27,0.098499998
F7,4,Lysine,sc159,n5,2,27,0.201399997
F8,4,Lysine,p159,n5,2,27,0.211899996
F9,4,Lysine,p158b,n5,2,27,0.209099993
F10,4,Lysine,sc158b,n5,2,27,0.213499993
F11,Control,Lysine,Control,n5,Control,27,0.083499998
G7,4,Lysine,p827,n5,2,27,0.189999998
G8,4,Lysine,sc827,n5,2,27,0.244499996
G9,4,Lysine,sc_mix,n5,10,27,0.192200005
G10,4,Lysine,p_mix,n5,10,27,0.188500002
B7,172,Mix_17aa,sc159,n1,2,28,1.943899989
B8,172,Mix_17aa,p159,n1,2,28,1.74090004
B9,172,Mix_17aa,sc827,n1,2,28,1.939800024
B10,172,Mix_17aa,p827,n1,2,28,1.943699956
B11,Control,Mix_17aa,Control,n1,Control,28,0.080499999
C7,172,Mix_17aa,p5642b,n1,2,28,1.892799973
C8,172,Mix_17aa,sc5642b,n1,2,28,1.576500058
C9,172,Mix_17aa,sc158b,n1,2,28,1.906299949
C10,172,Mix_17aa,p158b,n1,2,28,1.87409997
D7,172,Mix_17aa,p158a,n1,2,28,1.878100038
D8,172,Mix_17aa,sc158a,n1,2,28,1.680999994
D9,172,Mix_17aa,p_mix,n1,10,28,1.727599978
D10,172,Mix_17aa,sc_mix,n1,10,28,1.660899997
D11,Control,Mix_17aa,Control,n5,Control,28,0.0792
E7,4,Lysine,sc158a,n5,2,28,0.257800013
E8,4,Lysine,p158a,n5,2,28,0.237000003
E9,4,Lysine,p5642b,n5,2,28,0.234500006
E10,4,Lysine,sc5642b,n5,2,28,0.256799996
E11,Control,Lysine,Control,n5,Control,28,0.095200002
F7,4,Lysine,sc159,n5,2,28,0.207499996
F8,4,Lysine,p159,n5,2,28,0.215700001
F9,4,Lysine,p158b,n5,2,28,0.213200003
F10,4,Lysine,sc158b,n5,2,28,0.232800007
F11,Control,Lysine,Control,n5,Control,28,0.082800001
G7,4,Lysine,p827,n5,2,28,0.193000004
G8,4,Lysine,sc827,n5,2,28,0.256500006
G9,4,Lysine,sc_mix,n5,10,28,0.190799996
G10,4,Lysine,p_mix,n5,10,28,0.196400002
B7,172,Mix_17aa,sc159,n1,2,29,1.946799994
B8,172,Mix_17aa,p159,n1,2,29,1.666599989
B9,172,Mix_17aa,sc827,n1,2,29,1.940500021
B10,172,Mix_17aa,p827,n1,2,29,1.947999954
B11,Control,Mix_17aa,Control,n1,Control,29,0.085699998
C7,172,Mix_17aa,p5642b,n1,2,29,1.891100049
C8,172,Mix_17aa,sc5642b,n1,2,29,1.653599977
C9,172,Mix_17aa,sc158b,n1,2,29,1.905200005
C10,172,Mix_17aa,p158b,n1,2,29,1.873000026
D7,172,Mix_17aa,p158a,n1,2,29,1.87530005
D8,172,Mix_17aa,sc158a,n1,2,29,1.693199992
D9,172,Mix_17aa,p_mix,n1,10,29,1.73150003
D10,172,Mix_17aa,sc_mix,n1,10,29,1.647099972
D11,Control,Mix_17aa,Control,n5,Control,29,0.075199999
E7,4,Lysine,sc158a,n5,2,29,0.254799992
E8,4,Lysine,p158a,n5,2,29,0.253300011
E9,4,Lysine,p5642b,n5,2,29,0.239600003
E10,4,Lysine,sc5642b,n5,2,29,0.260699987
E11,Control,Lysine,Control,n5,Control,29,0.094899997
F7,4,Lysine,sc159,n5,2,29,0.215200007
F8,4,Lysine,p159,n5,2,29,0.233500004
F9,4,Lysine,p158b,n5,2,29,0.213100001
F10,4,Lysine,sc158b,n5,2,29,0.227699995
F11,Control,Lysine,Control,n5,Control,29,0.085299999
G7,4,Lysine,p827,n5,2,29,0.195600003
G8,4,Lysine,sc827,n5,2,29,0.261000007
G9,4,Lysine,sc_mix,n5,10,29,0.195299998
G10,4,Lysine,p_mix,n5,10,29,0.191100001
B7,172,Mix_17aa,sc159,n1,2,30,1.948600054
B8,172,Mix_17aa,p159,n1,2,30,1.724400043
B9,172,Mix_17aa,sc827,n1,2,30,1.933799982
B10,172,Mix_17aa,p827,n1,2,30,1.935099959
B11,Control,Mix_17aa,Control,n1,Control,30,0.085299999
C7,172,Mix_17aa,p5642b,n1,2,30,1.895499945
C8,172,Mix_17aa,sc5642b,n1,2,30,1.624899983
C9,172,Mix_17aa,sc158b,n1,2,30,1.91110003
C10,172,Mix_17aa,p158b,n1,2,30,1.878499985
D7,172,Mix_17aa,p158a,n1,2,30,1.890900016
D8,172,Mix_17aa,sc158a,n1,2,30,1.734200001
D9,172,Mix_17aa,p_mix,n1,10,30,1.739599943
D10,172,Mix_17aa,sc_mix,n1,10,30,1.643599987
D11,Control,Mix_17aa,Control,n5,Control,30,0.083999999
E7,4,Lysine,sc158a,n5,2,30,0.246099994
E8,4,Lysine,p158a,n5,2,30,0.258599997
E9,4,Lysine,p5642b,n5,2,30,0.254700005
E10,4,Lysine,sc5642b,n5,2,30,0.272500008
E11,Control,Lysine,Control,n5,Control,30,0.096000001
F7,4,Lysine,sc159,n5,2,30,0.204500005
F8,4,Lysine,p159,n5,2,30,0.235799998
F9,4,Lysine,p158b,n5,2,30,0.224199995
F10,4,Lysine,sc158b,n5,2,30,0.248500004
F11,Control,Lysine,Control,n5,Control,30,0.092
G7,4,Lysine,p827,n5,2,30,0.202800006
G8,4,Lysine,sc827,n5,2,30,0.272300005
G9,4,Lysine,sc_mix,n5,10,30,0.193599999
G10,4,Lysine,p_mix,n5,10,30,0.195800006
B7,172,Mix_17aa,sc159,n1,2,31,1.94780004
B8,172,Mix_17aa,p159,n1,2,31,1.779600024
B9,172,Mix_17aa,sc827,n1,2,31,1.929100037
B10,172,Mix_17aa,p827,n1,2,31,1.934000015
B11,Control,Mix_17aa,Control,n1,Control,31,0.084700003
C7,172,Mix_17aa,p5642b,n1,2,31,1.897600055
C8,172,Mix_17aa,sc5642b,n1,2,31,1.620900035
C9,172,Mix_17aa,sc158b,n1,2,31,1.908599973
C10,172,Mix_17aa,p158b,n1,2,31,1.878900051
D7,172,Mix_17aa,p158a,n1,2,31,1.894199967
D8,172,Mix_17aa,sc158a,n1,2,31,1.719300032
D9,172,Mix_17aa,p_mix,n1,10,31,1.734599948
D10,172,Mix_17aa,sc_mix,n1,10,31,1.646800041
D11,Control,Mix_17aa,Control,n5,Control,31,0.083899997
E7,4,Lysine,sc158a,n5,2,31,0.25150001
E8,4,Lysine,p158a,n5,2,31,0.260399997
E9,4,Lysine,p5642b,n5,2,31,0.258100003
E10,4,Lysine,sc5642b,n5,2,31,0.282700002
E11,Control,Lysine,Control,n5,Control,31,0.096100003
F7,4,Lysine,sc159,n5,2,31,0.207599998
F8,4,Lysine,p159,n5,2,31,0.241899997
F9,4,Lysine,p158b,n5,2,31,0.227500007
F10,4,Lysine,sc158b,n5,2,31,0.248899996
F11,Control,Lysine,Control,n5,Control,31,0.092
G7,4,Lysine,p827,n5,2,31,0.206799999
G8,4,Lysine,sc827,n5,2,31,0.280200005
G9,4,Lysine,sc_mix,n5,10,31,0.195899993
G10,4,Lysine,p_mix,n5,10,31,0.201000005
B7,172,Mix_17aa,sc159,n1,2,32,1.948600054
B8,172,Mix_17aa,p159,n1,2,32,1.781200051
B9,172,Mix_17aa,sc827,n1,2,32,1.927099943
B10,172,Mix_17aa,p827,n1,2,32,1.936100006
B11,Control,Mix_17aa,Control,n1,Control,32,0.086300001
C7,172,Mix_17aa,p5642b,n1,2,32,1.900200009
C8,172,Mix_17aa,sc5642b,n1,2,32,1.674499989
C9,172,Mix_17aa,sc158b,n1,2,32,1.905699968
C10,172,Mix_17aa,p158b,n1,2,32,1.882300019
D7,172,Mix_17aa,p158a,n1,2,32,1.898000002
D8,172,Mix_17aa,sc158a,n1,2,32,1.73300004
D9,172,Mix_17aa,p_mix,n1,10,32,1.735000014
D10,172,Mix_17aa,sc_mix,n1,10,32,1.664499998
D11,Control,Mix_17aa,Control,n5,Control,32,0.084399998
E7,4,Lysine,sc158a,n5,2,32,0.257499993
E8,4,Lysine,p158a,n5,2,32,0.260199994
E9,4,Lysine,p5642b,n5,2,32,0.262699991
E10,4,Lysine,sc5642b,n5,2,32,0.282900006
E11,Control,Lysine,Control,n5,Control,32,0.094800003
F7,4,Lysine,sc159,n5,2,32,0.210700005
F8,4,Lysine,p159,n5,2,32,0.244499996
F9,4,Lysine,p158b,n5,2,32,0.231000006
F10,4,Lysine,sc158b,n5,2,32,0.240600005
F11,Control,Lysine,Control,n5,Control,32,0.091600001
G7,4,Lysine,p827,n5,2,32,0.208399996
G8,4,Lysine,sc827,n5,2,32,0.286000013
G9,4,Lysine,sc_mix,n5,10,32,0.196999997
G10,4,Lysine,p_mix,n5,10,32,0.200900003
B7,172,Mix_17aa,sc159,n1,2,33,1.950299978
B8,172,Mix_17aa,p159,n1,2,33,1.809599996
B9,172,Mix_17aa,sc827,n1,2,33,1.928900003
B10,172,Mix_17aa,p827,n1,2,33,1.93780005
B11,Control,Mix_17aa,Control,n1,Control,33,0.086099997
C7,172,Mix_17aa,p5642b,n1,2,33,1.904399991
C8,172,Mix_17aa,sc5642b,n1,2,33,1.6329
C9,172,Mix_17aa,sc158b,n1,2,33,1.907799959
C10,172,Mix_17aa,p158b,n1,2,33,1.886999965
D7,172,Mix_17aa,p158a,n1,2,33,1.901499987
D8,172,Mix_17aa,sc158a,n1,2,33,1.738999963
D9,172,Mix_17aa,p_mix,n1,10,33,1.739300013
D10,172,Mix_17aa,sc_mix,n1,10,33,1.703799963
D11,Control,Mix_17aa,Control,n5,Control,33,0.0845
E7,4,Lysine,sc158a,n5,2,33,0.264800012
E8,4,Lysine,p158a,n5,2,33,0.262199998
E9,4,Lysine,p5642b,n5,2,33,0.268099993
E10,4,Lysine,sc5642b,n5,2,33,0.288599998
E11,Control,Lysine,Control,n5,Control,33,0.095200002
F7,4,Lysine,sc159,n5,2,33,0.215299994
F8,4,Lysine,p159,n5,2,33,0.254900008
F9,4,Lysine,p158b,n5,2,33,0.235499993
F10,4,Lysine,sc158b,n5,2,33,0.242500007
F11,Control,Lysine,Control,n5,Control,33,0.091600001
G7,4,Lysine,p827,n5,2,33,0.212500006
G8,4,Lysine,sc827,n5,2,33,0.295599997
G9,4,Lysine,sc_mix,n5,10,33,0.199399993
G10,4,Lysine,p_mix,n5,10,33,0.200299993
B7,172,Mix_17aa,sc159,n1,2,34,1.952200055
B8,172,Mix_17aa,p159,n1,2,34,1.80490005
B9,172,Mix_17aa,sc827,n1,2,34,1.925699949
B10,172,Mix_17aa,p827,n1,2,34,1.93809998
B11,Control,Mix_17aa,Control,n1,Control,34,0.086300001
C7,172,Mix_17aa,p5642b,n1,2,34,1.905500054
C8,172,Mix_17aa,sc5642b,n1,2,34,1.6954
C9,172,Mix_17aa,sc158b,n1,2,34,1.909399986
C10,172,Mix_17aa,p158b,n1,2,34,1.892500043
D7,172,Mix_17aa,p158a,n1,2,34,1.907799959
D8,172,Mix_17aa,sc158a,n1,2,34,1.76030004
D9,172,Mix_17aa,p_mix,n1,10,34,1.738499999
D10,172,Mix_17aa,sc_mix,n1,10,34,1.732300043
D11,Control,Mix_17aa,Control,n5,Control,34,0.084399998
E7,4,Lysine,sc158a,n5,2,34,0.270799994
E8,4,Lysine,p158a,n5,2,34,0.2764
E9,4,Lysine,p5642b,n5,2,34,0.272899985
E10,4,Lysine,sc5642b,n5,2,34,0.300099999
E11,Control,Lysine,Control,n5,Control,34,0.095600002
F7,4,Lysine,sc159,n5,2,34,0.218400002
F8,4,Lysine,p159,n5,2,34,0.254299998
F9,4,Lysine,p158b,n5,2,34,0.239600003
F10,4,Lysine,sc158b,n5,2,34,0.246900007
F11,Control,Lysine,Control,n5,Control,34,0.091700003
G7,4,Lysine,p827,n5,2,34,0.214900002
G8,4,Lysine,sc827,n5,2,34,0.322600007
G9,4,Lysine,sc_mix,n5,10,34,0.201000005
G10,4,Lysine,p_mix,n5,10,34,0.2016
B7,172,Mix_17aa,sc159,n1,2,35,1.956099987
B8,172,Mix_17aa,p159,n1,2,35,1.815600038
B9,172,Mix_17aa,sc827,n1,2,35,1.928200006
B10,172,Mix_17aa,p827,n1,2,35,1.942800045
B11,Control,Mix_17aa,Control,n1,Control,35,0.085500002
C7,172,Mix_17aa,p5642b,n1,2,35,1.91170001
C8,172,Mix_17aa,sc5642b,n1,2,35,1.700000048
C9,172,Mix_17aa,sc158b,n1,2,35,1.909000039
C10,172,Mix_17aa,p158b,n1,2,35,1.894500017
D7,172,Mix_17aa,p158a,n1,2,35,1.916100025
D8,172,Mix_17aa,sc158a,n1,2,35,1.775200009
D9,172,Mix_17aa,p_mix,n1,10,35,1.741899967
D10,172,Mix_17aa,sc_mix,n1,10,35,1.77639997
D11,Control,Mix_17aa,Control,n5,Control,35,0.084200002
E7,4,Lysine,sc158a,n5,2,35,0.278299987
E8,4,Lysine,p158a,n5,2,35,0.276600003
E9,4,Lysine,p5642b,n5,2,35,0.279100001
E10,4,Lysine,sc5642b,n5,2,35,0.299400002
E11,Control,Lysine,Control,n5,Control,35,0.0955
F7,4,Lysine,sc159,n5,2,35,0.222399995
F8,4,Lysine,p159,n5,2,35,0.246399999
F9,4,Lysine,p158b,n5,2,35,0.244599998
F10,4,Lysine,sc158b,n5,2,35,0.252099991
F11,Control,Lysine,Control,n5,Control,35,0.091399997
G7,4,Lysine,p827,n5,2,35,0.2192
G8,4,Lysine,sc827,n5,2,35,0.372900009
G9,4,Lysine,sc_mix,n5,10,35,0.203600004
G10,4,Lysine,p_mix,n5,10,35,0.210500002
B7,172,Mix_17aa,sc159,n1,2,36,1.957999945
B8,172,Mix_17aa,p159,n1,2,36,1.807199955
B9,172,Mix_17aa,sc827,n1,2,36,1.929100037
B10,172,Mix_17aa,p827,n1,2,36,1.947299957
B11,Control,Mix_17aa,Control,n1,Control,36,0.0854
C7,172,Mix_17aa,p5642b,n1,2,36,1.913100004
C8,172,Mix_17aa,sc5642b,n1,2,36,1.759899974
C9,172,Mix_17aa,sc158b,n1,2,36,1.910899997
C10,172,Mix_17aa,p158b,n1,2,36,1.89989996
D7,172,Mix_17aa,p158a,n1,2,36,1.91869998
D8,172,Mix_17aa,sc158a,n1,2,36,1.733700037
D9,172,Mix_17aa,p_mix,n1,10,36,1.743499994
D10,172,Mix_17aa,sc_mix,n1,10,36,1.777500033
D11,Control,Mix_17aa,Control,n5,Control,36,0.083899997
E7,4,Lysine,sc158a,n5,2,36,0.284299999
E8,4,Lysine,p158a,n5,2,36,0.277999997
E9,4,Lysine,p5642b,n5,2,36,0.285100013
E10,4,Lysine,sc5642b,n5,2,36,0.305799991
E11,Control,Lysine,Control,n5,Control,36,0.0973
F7,4,Lysine,sc159,n5,2,36,0.227300003
F8,4,Lysine,p159,n5,2,36,0.250400007
F9,4,Lysine,p158b,n5,2,36,0.25
F10,4,Lysine,sc158b,n5,2,36,0.257200003
F11,Control,Lysine,Control,n5,Control,36,0.092600003
G7,4,Lysine,p827,n5,2,36,0.222599998
G8,4,Lysine,sc827,n5,2,36,0.447100013
G9,4,Lysine,sc_mix,n5,10,36,0.206
G10,4,Lysine,p_mix,n5,10,36,0.205799997
B7,172,Mix_17aa,sc159,n1,2,37,1.960199952
B8,172,Mix_17aa,p159,n1,2,37,1.751700044
B9,172,Mix_17aa,sc827,n1,2,37,1.932700038
B10,172,Mix_17aa,p827,n1,2,37,1.949900031
B11,Control,Mix_17aa,Control,n1,Control,37,0.085100003
C7,172,Mix_17aa,p5642b,n1,2,37,1.916200042
C8,172,Mix_17aa,sc5642b,n1,2,37,1.715899944
C9,172,Mix_17aa,sc158b,n1,2,37,1.912199974
C10,172,Mix_17aa,p158b,n1,2,37,1.901100039
D7,172,Mix_17aa,p158a,n1,2,37,1.923499942
D8,172,Mix_17aa,sc158a,n1,2,37,1.73119998
D9,172,Mix_17aa,p_mix,n1,10,37,1.745000005
D10,172,Mix_17aa,sc_mix,n1,10,37,1.770699978
D11,Control,Mix_17aa,Control,n5,Control,37,0.084299996
E7,4,Lysine,sc158a,n5,2,37,0.297500014
E8,4,Lysine,p158a,n5,2,37,0.292199999
E9,4,Lysine,p5642b,n5,2,37,0.291900009
E10,4,Lysine,sc5642b,n5,2,37,0.312299997
E11,Control,Lysine,Control,n5,Control,37,0.096799999
F7,4,Lysine,sc159,n5,2,37,0.231199995
F8,4,Lysine,p159,n5,2,37,0.255899996
F9,4,Lysine,p158b,n5,2,37,0.260800004
F10,4,Lysine,sc158b,n5,2,37,0.261900008
F11,Control,Lysine,Control,n5,Control,37,0.092600003
G7,4,Lysine,p827,n5,2,37,0.226099998
G8,4,Lysine,sc827,n5,2,37,0.513800025
G9,4,Lysine,sc_mix,n5,10,37,0.208900005
G10,4,Lysine,p_mix,n5,10,37,0.215499997
B7,172,Mix_17aa,sc159,n1,2,38,1.960399985
B8,172,Mix_17aa,p159,n1,2,38,1.799700022
B9,172,Mix_17aa,sc827,n1,2,38,1.934200048
B10,172,Mix_17aa,p827,n1,2,38,1.950700045
B11,Control,Mix_17aa,Control,n1,Control,38,0.086199999
C7,172,Mix_17aa,p5642b,n1,2,38,1.920699954
C8,172,Mix_17aa,sc5642b,n1,2,38,1.766700029
C9,172,Mix_17aa,sc158b,n1,2,38,1.917199969
C10,172,Mix_17aa,p158b,n1,2,38,1.905400038
D7,172,Mix_17aa,p158a,n1,2,38,1.925400019
D8,172,Mix_17aa,sc158a,n1,2,38,1.644199967
D9,172,Mix_17aa,p_mix,n1,10,38,1.747599959
D10,172,Mix_17aa,sc_mix,n1,10,38,1.743299961
D11,Control,Mix_17aa,Control,n5,Control,38,0.084700003
E7,4,Lysine,sc158a,n5,2,38,0.313600004
E8,4,Lysine,p158a,n5,2,38,0.334800005
E9,4,Lysine,p5642b,n5,2,38,0.309199989
E10,4,Lysine,sc5642b,n5,2,38,0.331400007
E11,Control,Lysine,Control,n5,Control,38,0.095899999
F7,4,Lysine,sc159,n5,2,38,0.234999999
F8,4,Lysine,p159,n5,2,38,0.263999999
F9,4,Lysine,p158b,n5,2,38,0.260899991
F10,4,Lysine,sc158b,n5,2,38,0.2685
F11,Control,Lysine,Control,n5,Control,38,0.091799997
G7,4,Lysine,p827,n5,2,38,0.229900002
G8,4,Lysine,sc827,n5,2,38,0.567499995
G9,4,Lysine,sc_mix,n5,10,38,0.211500004
G10,4,Lysine,p_mix,n5,10,38,0.209900007
B7,172,Mix_17aa,sc159,n1,2,39,1.966799974
B8,172,Mix_17aa,p159,n1,2,39,1.855499983
B9,172,Mix_17aa,sc827,n1,2,39,1.937999964
B10,172,Mix_17aa,p827,n1,2,39,1.956599951
B11,Control,Mix_17aa,Control,n1,Control,39,0.085100003
C7,172,Mix_17aa,p5642b,n1,2,39,1.923300028
C8,172,Mix_17aa,sc5642b,n1,2,39,1.763900042
C9,172,Mix_17aa,sc158b,n1,2,39,1.91929996
C10,172,Mix_17aa,p158b,n1,2,39,1.908400059
D7,172,Mix_17aa,p158a,n1,2,39,1.931499958
D8,172,Mix_17aa,sc158a,n1,2,39,1.670799971
D9,172,Mix_17aa,p_mix,n1,10,39,1.75059998
D10,172,Mix_17aa,sc_mix,n1,10,39,1.738199949
D11,Control,Mix_17aa,Control,n5,Control,39,0.084100001
E7,4,Lysine,sc158a,n5,2,39,0.387400001
E8,4,Lysine,p158a,n5,2,39,0.412800014
E9,4,Lysine,p5642b,n5,2,39,0.369300008
E10,4,Lysine,sc5642b,n5,2,39,0.400099993
E11,Control,Lysine,Control,n5,Control,39,0.098099999
F7,4,Lysine,sc159,n5,2,39,0.240799993
F8,4,Lysine,p159,n5,2,39,0.272000015
F9,4,Lysine,p158b,n5,2,39,0.276199996
F10,4,Lysine,sc158b,n5,2,39,0.274800003
F11,Control,Lysine,Control,n5,Control,39,0.093199998
G7,4,Lysine,p827,n5,2,39,0.234200001
G8,4,Lysine,sc827,n5,2,39,0.610800028
G9,4,Lysine,sc_mix,n5,10,39,0.214200005
G10,4,Lysine,p_mix,n5,10,39,0.211999997
B7,172,Mix_17aa,sc159,n1,2,40,1.968299985
B8,172,Mix_17aa,p159,n1,2,40,1.647799969
B9,172,Mix_17aa,sc827,n1,2,40,1.940299988
B10,172,Mix_17aa,p827,n1,2,40,1.957599998
B11,Control,Mix_17aa,Control,n1,Control,40,0.086599998
C7,172,Mix_17aa,p5642b,n1,2,40,1.926599979
C8,172,Mix_17aa,sc5642b,n1,2,40,1.763800025
C9,172,Mix_17aa,sc158b,n1,2,40,1.923099995
C10,172,Mix_17aa,p158b,n1,2,40,1.909600019
D7,172,Mix_17aa,p158a,n1,2,40,1.932600021
D8,172,Mix_17aa,sc158a,n1,2,40,1.69509995
D9,172,Mix_17aa,p_mix,n1,10,40,1.75090003
D10,172,Mix_17aa,sc_mix,n1,10,40,1.726400018
D11,Control,Mix_17aa,Control,n5,Control,40,0.084899999
E7,4,Lysine,sc158a,n5,2,40,0.46540001
E8,4,Lysine,p158a,n5,2,40,0.505100012
E9,4,Lysine,p5642b,n5,2,40,0.464899987
E10,4,Lysine,sc5642b,n5,2,40,0.50150001
E11,Control,Lysine,Control,n5,Control,40,0.096799999
F7,4,Lysine,sc159,n5,2,40,0.249899998
F8,4,Lysine,p159,n5,2,40,0.299199998
F9,4,Lysine,p158b,n5,2,40,0.31400001
F10,4,Lysine,sc158b,n5,2,40,0.292499989
F11,Control,Lysine,Control,n5,Control,40,0.092299998
G7,4,Lysine,p827,n5,2,40,0.238600001
G8,4,Lysine,sc827,n5,2,40,0.641600013
G9,4,Lysine,sc_mix,n5,10,40,0.222100005
G10,4,Lysine,p_mix,n5,10,40,0.219099998
B7,172,Mix_17aa,sc159,n1,2,41,1.970900059
B8,172,Mix_17aa,p159,n1,2,41,1.71510005
B9,172,Mix_17aa,sc827,n1,2,41,1.945299983
B10,172,Mix_17aa,p827,n1,2,41,1.960500002
B11,Control,Mix_17aa,Control,n1,Control,41,0.085199997
C7,172,Mix_17aa,p5642b,n1,2,41,1.927399993
C8,172,Mix_17aa,sc5642b,n1,2,41,1.760100007
C9,172,Mix_17aa,sc158b,n1,2,41,1.922000051
C10,172,Mix_17aa,p158b,n1,2,41,1.912799954
D7,172,Mix_17aa,p158a,n1,2,41,1.93599999
D8,172,Mix_17aa,sc158a,n1,2,41,1.655599952
D9,172,Mix_17aa,p_mix,n1,10,41,1.752300024
D10,172,Mix_17aa,sc_mix,n1,10,41,1.692700028
D11,Control,Mix_17aa,Control,n5,Control,41,0.084299996
E7,4,Lysine,sc158a,n5,2,41,0.548099995
E8,4,Lysine,p158a,n5,2,41,0.557900012
E9,4,Lysine,p5642b,n5,2,41,0.550000012
E10,4,Lysine,sc5642b,n5,2,41,0.591799974
E11,Control,Lysine,Control,n5,Control,41,0.096799999
F7,4,Lysine,sc159,n5,2,41,0.292299986
F8,4,Lysine,p159,n5,2,41,0.365200013
F9,4,Lysine,p158b,n5,2,41,0.395900011
F10,4,Lysine,sc158b,n5,2,41,0.352299988
F11,Control,Lysine,Control,n5,Control,41,0.092
G7,4,Lysine,p827,n5,2,41,0.253800005
G8,4,Lysine,sc827,n5,2,41,0.679499984
G9,4,Lysine,sc_mix,n5,10,41,0.272399992
G10,4,Lysine,p_mix,n5,10,41,0.236100003
B7,172,Mix_17aa,sc159,n1,2,42,1.97329998
B8,172,Mix_17aa,p159,n1,2,42,1.701900005
B9,172,Mix_17aa,sc827,n1,2,42,1.945000052
B10,172,Mix_17aa,p827,n1,2,42,1.962000012
B11,Control,Mix_17aa,Control,n1,Control,42,0.085600004
C7,172,Mix_17aa,p5642b,n1,2,42,1.928200006
C8,172,Mix_17aa,sc5642b,n1,2,42,1.699100018
C9,172,Mix_17aa,sc158b,n1,2,42,1.921499968
C10,172,Mix_17aa,p158b,n1,2,42,1.913499951
D7,172,Mix_17aa,p158a,n1,2,42,1.93809998
D8,172,Mix_17aa,sc158a,n1,2,42,1.662999988
D9,172,Mix_17aa,p_mix,n1,10,42,1.746000051
D10,172,Mix_17aa,sc_mix,n1,10,42,1.672099948
D11,Control,Mix_17aa,Control,n5,Control,42,0.084399998
E7,4,Lysine,sc158a,n5,2,42,0.597599983
E8,4,Lysine,p158a,n5,2,42,0.600399971
E9,4,Lysine,p5642b,n5,2,42,0.611899972
E10,4,Lysine,sc5642b,n5,2,42,0.638800025
E11,Control,Lysine,Control,n5,Control,42,0.0973
F7,4,Lysine,sc159,n5,2,42,0.370299995
F8,4,Lysine,p159,n5,2,42,0.442699999
F9,4,Lysine,p158b,n5,2,42,0.475800008
F10,4,Lysine,sc158b,n5,2,42,0.441599995
F11,Control,Lysine,Control,n5,Control,42,0.092500001
G7,4,Lysine,p827,n5,2,42,0.296799988
G8,4,Lysine,sc827,n5,2,42,0.707899988
G9,4,Lysine,sc_mix,n5,10,42,0.351399988
G10,4,Lysine,p_mix,n5,10,42,0.305500001
B7,172,Mix_17aa,sc159,n1,2,43,1.977200031
B8,172,Mix_17aa,p159,n1,2,43,1.732200027
B9,172,Mix_17aa,sc827,n1,2,43,1.948199987
B10,172,Mix_17aa,p827,n1,2,43,1.9648
B11,Control,Mix_17aa,Control,n1,Control,43,0.086099997
C7,172,Mix_17aa,p5642b,n1,2,43,1.935700059
C8,172,Mix_17aa,sc5642b,n1,2,43,1.798599958
C9,172,Mix_17aa,sc158b,n1,2,43,1.926599979
C10,172,Mix_17aa,p158b,n1,2,43,1.914299965
D7,172,Mix_17aa,p158a,n1,2,43,1.942800045
D8,172,Mix_17aa,sc158a,n1,2,43,1.638700008
D9,172,Mix_17aa,p_mix,n1,10,43,1.751700044
D10,172,Mix_17aa,sc_mix,n1,10,43,1.610900044
D11,Control,Mix_17aa,Control,n5,Control,43,0.084700003
E7,4,Lysine,sc158a,n5,2,43,0.641300023
E8,4,Lysine,p158a,n5,2,43,0.646200001
E9,4,Lysine,p5642b,n5,2,43,0.657500029
E10,4,Lysine,sc5642b,n5,2,43,0.682900012
E11,Control,Lysine,Control,n5,Control,43,0.097599998
F7,4,Lysine,sc159,n5,2,43,0.447600007
F8,4,Lysine,p159,n5,2,43,0.528500021
F9,4,Lysine,p158b,n5,2,43,0.531000018
F10,4,Lysine,sc158b,n5,2,43,0.522700012
F11,Control,Lysine,Control,n5,Control,43,0.092399999
G7,4,Lysine,p827,n5,2,43,0.377299994
G8,4,Lysine,sc827,n5,2,43,0.740700006
G9,4,Lysine,sc_mix,n5,10,43,0.427100003
G10,4,Lysine,p_mix,n5,10,43,0.386700004
B7,172,Mix_17aa,sc159,n1,2,44,1.98029995
B8,172,Mix_17aa,p159,n1,2,44,1.822600007
B9,172,Mix_17aa,sc827,n1,2,44,1.950500011
B10,172,Mix_17aa,p827,n1,2,44,1.96510005
B11,Control,Mix_17aa,Control,n1,Control,44,0.086000003
C7,172,Mix_17aa,p5642b,n1,2,44,1.93780005
C8,172,Mix_17aa,sc5642b,n1,2,44,1.706699967
C9,172,Mix_17aa,sc158b,n1,2,44,1.931399941
C10,172,Mix_17aa,p158b,n1,2,44,1.918599963
D7,172,Mix_17aa,p158a,n1,2,44,1.944599986
D8,172,Mix_17aa,sc158a,n1,2,44,1.625499964
D9,172,Mix_17aa,p_mix,n1,10,44,1.760200024
D10,172,Mix_17aa,sc_mix,n1,10,44,1.59800005
D11,Control,Mix_17aa,Control,n5,Control,44,0.0845
E7,4,Lysine,sc158a,n5,2,44,0.676800013
E8,4,Lysine,p158a,n5,2,44,0.674399972
E9,4,Lysine,p5642b,n5,2,44,0.686500013
E10,4,Lysine,sc5642b,n5,2,44,0.724300027
E11,Control,Lysine,Control,n5,Control,44,0.0973
F7,4,Lysine,sc159,n5,2,44,0.497000009
F8,4,Lysine,p159,n5,2,44,0.57190001
F9,4,Lysine,p158b,n5,2,44,0.573599994
F10,4,Lysine,sc158b,n5,2,44,0.579100013
F11,Control,Lysine,Control,n5,Control,44,0.092100002
G7,4,Lysine,p827,n5,2,44,0.45629999
G8,4,Lysine,sc827,n5,2,44,0.766200006
G9,4,Lysine,sc_mix,n5,10,44,0.476000011
G10,4,Lysine,p_mix,n5,10,44,0.466199994
B7,172,Mix_17aa,sc159,n1,2,45,1.985100031
B8,172,Mix_17aa,p159,n1,2,45,1.811499953
B9,172,Mix_17aa,sc827,n1,2,45,1.955600023
B10,172,Mix_17aa,p827,n1,2,45,1.974099994
B11,Control,Mix_17aa,Control,n1,Control,45,0.086800002
C7,172,Mix_17aa,p5642b,n1,2,45,1.937299967
C8,172,Mix_17aa,sc5642b,n1,2,45,1.719900012
C9,172,Mix_17aa,sc158b,n1,2,45,1.926699996
C10,172,Mix_17aa,p158b,n1,2,45,1.920099974
D7,172,Mix_17aa,p158a,n1,2,45,1.940299988
D8,172,Mix_17aa,sc158a,n1,2,45,1.650699973
D9,172,Mix_17aa,p_mix,n1,10,45,1.747699976
D10,172,Mix_17aa,sc_mix,n1,10,45,1.573799968
D11,Control,Mix_17aa,Control,n5,Control,45,0.085100003
E7,4,Lysine,sc158a,n5,2,45,0.702199996
E8,4,Lysine,p158a,n5,2,45,0.694599986
E9,4,Lysine,p5642b,n5,2,45,0.705500007
E10,4,Lysine,sc5642b,n5,2,45,0.749800026
E11,Control,Lysine,Control,n5,Control,45,0.098899998
F7,4,Lysine,sc159,n5,2,45,0.524200022
F8,4,Lysine,p159,n5,2,45,0.594299972
F9,4,Lysine,p158b,n5,2,45,0.591700017
F10,4,Lysine,sc158b,n5,2,45,0.625
F11,Control,Lysine,Control,n5,Control,45,0.092699997
G7,4,Lysine,p827,n5,2,45,0.497200012
G8,4,Lysine,sc827,n5,2,45,0.779399991
G9,4,Lysine,sc_mix,n5,10,45,0.499000013
G10,4,Lysine,p_mix,n5,10,45,0.493099988
B7,172,Mix_17aa,sc159,n1,2,46,1.994300008
B8,172,Mix_17aa,p159,n1,2,46,1.704599977
B9,172,Mix_17aa,sc827,n1,2,46,1.972300053
B10,172,Mix_17aa,p827,n1,2,46,1.99240005
B11,Control,Mix_17aa,Control,n1,Control,46,0.080899999
C7,172,Mix_17aa,p5642b,n1,2,46,1.955199957
C8,172,Mix_17aa,sc5642b,n1,2,46,1.73029995
C9,172,Mix_17aa,sc158b,n1,2,46,1.949399948
C10,172,Mix_17aa,p158b,n1,2,46,1.943199992
D7,172,Mix_17aa,p158a,n1,2,46,1.961799979
D8,172,Mix_17aa,sc158a,n1,2,46,1.629400015
D9,172,Mix_17aa,p_mix,n1,10,46,1.777699947
D10,172,Mix_17aa,sc_mix,n1,10,46,1.559999943
D11,Control,Mix_17aa,Control,n5,Control,46,0.076200001
E7,4,Lysine,sc158a,n5,2,46,0.747600019
E8,4,Lysine,p158a,n5,2,46,0.734799981
E9,4,Lysine,p5642b,n5,2,46,0.749499977
E10,4,Lysine,sc5642b,n5,2,46,0.7852
E11,Control,Lysine,Control,n5,Control,46,0.096199997
F7,4,Lysine,sc159,n5,2,46,0.576200008
F8,4,Lysine,p159,n5,2,46,0.655099988
F9,4,Lysine,p158b,n5,2,46,0.634899974
F10,4,Lysine,sc158b,n5,2,46,0.661499977
F11,Control,Lysine,Control,n5,Control,46,0.082800001
G7,4,Lysine,p827,n5,2,46,0.554799974
G8,4,Lysine,sc827,n5,2,46,0.812600017
G9,4,Lysine,sc_mix,n5,10,46,0.541100025
G10,4,Lysine,p_mix,n5,10,46,0.530399978
B7,172,Mix_17aa,sc159,n1,2,47,2.021300077
B8,172,Mix_17aa,p159,n1,2,47,1.686800003
B9,172,Mix_17aa,sc827,n1,2,47,1.978399992
B10,172,Mix_17aa,p827,n1,2,47,2.004699945
B11,Control,Mix_17aa,Control,n1,Control,47,0.079899997
C7,172,Mix_17aa,p5642b,n1,2,47,1.974599957
C8,172,Mix_17aa,sc5642b,n1,2,47,1.774199963
C9,172,Mix_17aa,sc158b,n1,2,47,1.966199994
C10,172,Mix_17aa,p158b,n1,2,47,1.970999956
D7,172,Mix_17aa,p158a,n1,2,47,1.973799944
D8,172,Mix_17aa,sc158a,n1,2,47,1.621600032
D9,172,Mix_17aa,p_mix,n1,10,47,1.790099978
D10,172,Mix_17aa,sc_mix,n1,10,47,1.527799964
D11,Control,Mix_17aa,Control,n5,Control,47,0.081799999
E7,4,Lysine,sc158a,n5,2,47,0.786899984
E8,4,Lysine,p158a,n5,2,47,0.779999971
E9,4,Lysine,p5642b,n5,2,47,0.780300021
E10,4,Lysine,sc5642b,n5,2,47,0.821799994
E11,Control,Lysine,Control,n5,Control,47,0.098700002
F7,4,Lysine,sc159,n5,2,47,0.621500015
F8,4,Lysine,p159,n5,2,47,0.68779999
F9,4,Lysine,p158b,n5,2,47,0.677100003
F10,4,Lysine,sc158b,n5,2,47,0.715399981
F11,Control,Lysine,Control,n5,Control,47,0.084200002
G7,4,Lysine,p827,n5,2,47,0.599300027
G8,4,Lysine,sc827,n5,2,47,0.840300024
G9,4,Lysine,sc_mix,n5,10,47,0.58099997
G10,4,Lysine,p_mix,n5,10,47,0.581399977
B7,172,Mix_17aa,sc159,n1,2,48,2.018100023
B8,172,Mix_17aa,p159,n1,2,48,1.713099957
B9,172,Mix_17aa,sc827,n1,2,48,1.974699974
B10,172,Mix_17aa,p827,n1,2,48,2.009799957
B11,Control,Mix_17aa,Control,n1,Control,48,0.088200003
C7,172,Mix_17aa,p5642b,n1,2,48,1.962700009
C8,172,Mix_17aa,sc5642b,n1,2,48,1.720299959
C9,172,Mix_17aa,sc158b,n1,2,48,1.960700035
C10,172,Mix_17aa,p158b,n1,2,48,1.957700014
D7,172,Mix_17aa,p158a,n1,2,48,1.968000054
D8,172,Mix_17aa,sc158a,n1,2,48,1.595900059
D9,172,Mix_17aa,p_mix,n1,10,48,1.791000009
D10,172,Mix_17aa,sc_mix,n1,10,48,1.531000018
D11,Control,Mix_17aa,Control,n5,Control,48,0.078299999
E7,4,Lysine,sc158a,n5,2,48,0.82889998
E8,4,Lysine,p158a,n5,2,48,0.815500021
E9,4,Lysine,p5642b,n5,2,48,0.817600012
E10,4,Lysine,sc5642b,n5,2,48,0.855799973
E11,Control,Lysine,Control,n5,Control,48,0.098099999
F7,4,Lysine,sc159,n5,2,48,0.660600007
F8,4,Lysine,p159,n5,2,48,0.726700008
F9,4,Lysine,p158b,n5,2,48,0.710200012
F10,4,Lysine,sc158b,n5,2,48,0.754800022
F11,Control,Lysine,Control,n5,Control,48,0.083499998
G7,4,Lysine,p827,n5,2,48,0.64139998
G8,4,Lysine,sc827,n5,2,48,0.865999997
G9,4,Lysine,sc_mix,n5,10,48,0.624899983
G10,4,Lysine,p_mix,n5,10,48,0.62379998
B7,172,Mix_17aa,sc159,n1,2,49,1.996799946
B8,172,Mix_17aa,p159,n1,2,49,1.650500059
B9,172,Mix_17aa,sc827,n1,2,49,1.958699942
B10,172,Mix_17aa,p827,n1,2,49,1.985299945
B11,Control,Mix_17aa,Control,n1,Control,49,0.086599998
C7,172,Mix_17aa,p5642b,n1,2,49,1.950500011
C8,172,Mix_17aa,sc5642b,n1,2,49,1.670099974
C9,172,Mix_17aa,sc158b,n1,2,49,1.936499953
C10,172,Mix_17aa,p158b,n1,2,49,1.925799966
D7,172,Mix_17aa,p158a,n1,2,49,1.95720005
D8,172,Mix_17aa,sc158a,n1,2,49,1.678300023
D9,172,Mix_17aa,p_mix,n1,10,49,1.774299979
D10,172,Mix_17aa,sc_mix,n1,10,49,1.523900032
D11,Control,Mix_17aa,Control,n5,Control,49,0.081299998
E7,4,Lysine,sc158a,n5,2,49,0.864499986
E8,4,Lysine,p158a,n5,2,49,0.842999995
E9,4,Lysine,p5642b,n5,2,49,0.856999993
E10,4,Lysine,sc5642b,n5,2,49,0.891200006
E11,Control,Lysine,Control,n5,Control,49,0.098099999
F7,4,Lysine,sc159,n5,2,49,0.693300009
F8,4,Lysine,p159,n5,2,49,0.760100007
F9,4,Lysine,p158b,n5,2,49,0.735499978
F10,4,Lysine,sc158b,n5,2,49,0.788999975
F11,Control,Lysine,Control,n5,Control,49,0.083999999
G7,4,Lysine,p827,n5,2,49,0.67930001
G8,4,Lysine,sc827,n5,2,49,0.889400005
G9,4,Lysine,sc_mix,n5,10,49,0.66140002
G10,4,Lysine,p_mix,n5,10,49,0.666999996
B7,172,Mix_17aa,sc159,n1,2,50,2.005100012
B8,172,Mix_17aa,p159,n1,2,50,1.666000009
B9,172,Mix_17aa,sc827,n1,2,50,1.976500034
B10,172,Mix_17aa,p827,n1,2,50,1.989799976
B11,Control,Mix_17aa,Control,n1,Control,50,0.085900001
C7,172,Mix_17aa,p5642b,n1,2,50,1.970299959
C8,172,Mix_17aa,sc5642b,n1,2,50,1.716300011
C9,172,Mix_17aa,sc158b,n1,2,50,1.956200004
C10,172,Mix_17aa,p158b,n1,2,50,1.951400042
D7,172,Mix_17aa,p158a,n1,2,50,1.969200015
D8,172,Mix_17aa,sc158a,n1,2,50,1.703999996
D9,172,Mix_17aa,p_mix,n1,10,50,1.794999957
D10,172,Mix_17aa,sc_mix,n1,10,50,1.526499987
D11,Control,Mix_17aa,Control,n5,Control,50,0.090499997
E7,4,Lysine,sc158a,n5,2,50,0.882700026
E8,4,Lysine,p158a,n5,2,50,0.875100017
E9,4,Lysine,p5642b,n5,2,50,0.885599971
E10,4,Lysine,sc5642b,n5,2,50,0.91839999
E11,Control,Lysine,Control,n5,Control,50,0.097199999
F7,4,Lysine,sc159,n5,2,50,0.720899999
F8,4,Lysine,p159,n5,2,50,0.788699985
F9,4,Lysine,p158b,n5,2,50,0.764900029
F10,4,Lysine,sc158b,n5,2,50,0.820100009
F11,Control,Lysine,Control,n5,Control,50,0.091700003
G7,4,Lysine,p827,n5,2,50,0.710600019
G8,4,Lysine,sc827,n5,2,50,0.910000026
G9,4,Lysine,sc_mix,n5,10,50,0.696099997
G10,4,Lysine,p_mix,n5,10,50,0.704200029
B7,172,Mix_17aa,sc159,n1,2,51,2.012599945
B8,172,Mix_17aa,p159,n1,2,51,1.660899997
B9,172,Mix_17aa,sc827,n1,2,51,1.966199994
B10,172,Mix_17aa,p827,n1,2,51,1.989799976
B11,Control,Mix_17aa,Control,n1,Control,51,0.077799998
C7,172,Mix_17aa,p5642b,n1,2,51,1.964400053
C8,172,Mix_17aa,sc5642b,n1,2,51,1.64260006
C9,172,Mix_17aa,sc158b,n1,2,51,1.951599956
C10,172,Mix_17aa,p158b,n1,2,51,1.939299941
D7,172,Mix_17aa,p158a,n1,2,51,1.969099998
D8,172,Mix_17aa,sc158a,n1,2,51,1.700799942
D9,172,Mix_17aa,p_mix,n1,10,51,1.777699947
D10,172,Mix_17aa,sc_mix,n1,10,51,1.528599977
D11,Control,Mix_17aa,Control,n5,Control,51,0.076800004
E7,4,Lysine,sc158a,n5,2,51,0.913200021
E8,4,Lysine,p158a,n5,2,51,0.903100014
E9,4,Lysine,p5642b,n5,2,51,0.916400015
E10,4,Lysine,sc5642b,n5,2,51,0.94630003
E11,Control,Lysine,Control,n5,Control,51,0.094800003
F7,4,Lysine,sc159,n5,2,51,0.754700005
F8,4,Lysine,p159,n5,2,51,0.819000006
F9,4,Lysine,p158b,n5,2,51,0.787
F10,4,Lysine,sc158b,n5,2,51,0.852299988
F11,Control,Lysine,Control,n5,Control,51,0.083499998
G7,4,Lysine,p827,n5,2,51,0.741900027
G8,4,Lysine,sc827,n5,2,51,0.920599997
G9,4,Lysine,sc_mix,n5,10,51,0.73360002
G10,4,Lysine,p_mix,n5,10,51,0.746699989
B7,172,Mix_17aa,sc159,n1,2,52,2.016799927
B8,172,Mix_17aa,p159,n1,2,52,1.745900035
B9,172,Mix_17aa,sc827,n1,2,52,1.977800012
B10,172,Mix_17aa,p827,n1,2,52,2.001199961
B11,Control,Mix_17aa,Control,n1,Control,52,0.079700001
C7,172,Mix_17aa,p5642b,n1,2,52,1.964100003
C8,172,Mix_17aa,sc5642b,n1,2,52,1.663699985
C9,172,Mix_17aa,sc158b,n1,2,52,1.95599997
C10,172,Mix_17aa,p158b,n1,2,52,1.947199941
D7,172,Mix_17aa,p158a,n1,2,52,1.968899965
D8,172,Mix_17aa,sc158a,n1,2,52,1.640900016
D9,172,Mix_17aa,p_mix,n1,10,52,1.786599994
D10,172,Mix_17aa,sc_mix,n1,10,52,1.500699997
D11,Control,Mix_17aa,Control,n5,Control,52,0.083099999
E7,4,Lysine,sc158a,n5,2,52,0.939800024
E8,4,Lysine,p158a,n5,2,52,0.927600026
E9,4,Lysine,p5642b,n5,2,52,0.945900023
E10,4,Lysine,sc5642b,n5,2,52,0.975199997
E11,Control,Lysine,Control,n5,Control,52,0.095700003
F7,4,Lysine,sc159,n5,2,52,0.781799972
F8,4,Lysine,p159,n5,2,52,0.84920001
F9,4,Lysine,p158b,n5,2,52,0.815900028
F10,4,Lysine,sc158b,n5,2,52,0.880699992
F11,Control,Lysine,Control,n5,Control,52,0.083999999
G7,4,Lysine,p827,n5,2,52,0.773100019
G8,4,Lysine,sc827,n5,2,52,0.951499999
G9,4,Lysine,sc_mix,n5,10,52,0.773599982
G10,4,Lysine,p_mix,n5,10,52,0.788699985
